Word	Annotation	Sense	Part of Speech	Level
the			definite article	A1
to			prep., infinitive marker	A1
and			conj.	A1
of			prep.	A1
a, an			indefinite article	A1
in			prep., adv.	A1
for			prep.	A1
that			det., pron., conj. A1, adv. B1	A1, B1
on			prep., adv.	A1
with			prep.	A1
as			prep. A1, adv., conj. A2	A1, A2
at			prep.	A1
it			pron.	A1
be			v., auxiliary v.	A1
from			prep.	A1
have			v. A1, auxiliary v.	A2
I			pron.	A1
by			prep. A1, adv. B1	A1, B1
will			modal v. A1, n. B1	A1, B1
this			det./pron. A1, adv. B1	A1, B1
his			det. A1, pron. A2	A1, A2
he			pron.	A1
their			det.	A1
not			adv.	A1
you			pron.	A1
but			conj. A1, prep. B2	A1, B2
they			pron.	A1
we			pron.	A1
who			pron.	A1
or			conj.	A1
her			pron., det.	A1
its			det.	A1
also			adv.	A1
more			det./pron., adv.	A1
can		1	modal v.	A1
can		2	n.	A2
about			prep., adv.	A1
which			pron./det.	A1
one			number/det., pron.	A1
up			adv., prep.	A1
after			prep. A1, conj., adv. A2	A1, A2
all			det., pron. A1, adv. A2	A1, A2
out			adv./prep.	A1
she			pron.	A1
would			modal v.	A1
our			det.	A1
when			adv., pron., conj.	A1
people			n.	A1
time			n. A1, v. B2	A1, B2
new			adj.	A1
into			prep.	A1
so			adv., conj.	A1
over			prep., adv.	A1
just			adv.	A1
first			det./number, adv. A1, n. A2	A1, A2
year			n.	A1
like	(find sb/sth pleasant)		v. A1	
like	(similar)		prep.	A1
there			adv.	A1
than			conj.	A1
other			adj./pron.	A1
them			pron.	A1
your			det.	A1
now			adv. A1, conj. B1	A1, B1
what			pron./det.	A1
two			number	A1
some			det., pron.	A1
last	(final)	1	det. A1, adv., n. A2	A1, A2
last	(taking time)	1	v.	A2
during			prep.	A1
if			conj.	A1
my			det.	A1
do		1	v., auxiliary v.	A1
him			pron.	A1
get			v.	A1
could			modal v.	A1
being			n.	B2
no			exclam., det.	A1
most			det./pron., adv.	A1
how			adv.	A1
only			adj., adv.	A1
back			n., adv. A1, adj. A2, v. B2	A1, A2, B2
quarter			n.	A1
before			prep. A1, conj., adv. A2	A1, A2
where			adv., conj.	A1
make			v. A1, n. B2	A1, B2
while			conj. A2, n. B1	A2, B1
through			prep., adv.	A1
because			conj.	A1
many			det./pron.	A1
any			det., pron. A1, adv. A2	A1, A2
against			prep.	A2
work			v., n.	A1
very			adv. A1, adj. B2	A1, B2
see			v.	A1
stock			n.	B2
day			n.	A1
then			adv.	A1
me			pron.	A1
way			n. A1, adv. B2	A1, B2
well			adv., adj., exclam.	A1
even			adv. A1, adj. B2	A1, B2
three			number	A1
down			adv., prep.	A1
take			v.	A1
company			n.	A1
around			prep., adv.	A1
game			n.	A1
still			adv. A1, adj. B1	A1, B1
off			adv., prep.	A1
think			v.	A1
home			n., adv. A1, adj. A2	A1, A2
should			modal v.	A1
much			det./pron., adv.	A1
need			v. A1, n. A2, modal v. B1	A1, A2, B1
team			n.	A1
good			adj. A1, n. A2	A1, A2
us			pron.	A1
know			v.	A1
since			prep., conj. A2, adv. B1	A2, B1
season			n.	A2
may			modal v.	A2
go			v. A1, n. B1	A1, B1
million			number	A1
between			prep. A1, adv. A2	A1, A2
want			v.	A1
really			adv.	A1
such			det./pron.	A2
help			v., n.	A1
next			adj., adv. A1, n. B1	A1, B1
including			prep.	A2
part			n.	A1
price			n. A1, v. B2	A1, B2
both			det./pron.	A1
set	(group)		n.	B1
set	(put)		v.	B1
per			prep.	A2
family			n., adj.	A1
right			adj., adv., n.	A1
second	(next after the first)	1	det./	
second	(unit of time)	1	n.	A1
week			n.	A1
support			v., n.	A2
government			n.	A2
come			v.	A1
best			adj. A1, adv., n. A2	A1, A2
life			n.	A1
place			n. A1, v. B1	A1, B1
end			n., v.	A1
state			n. A2, adj., v. B1	A2, B1
another			det./pron.	A1
same			adj., pron., adv.	A1
say			v.	A1
show			v., n.	A1
police			n.	A1
report			n. A1, v. A2	A1, A2
own			adj./pron. A1, v. A2	A1, A2
use			v. A1, n. A2	A1, A2
under			prep., adv.	A1
lot			pron., det., adv.	A1
world			n.	A1
across			prep., adv.	A1
business			n.	A1
found			v.	B2
public			adj., n.	A2
high			adj. A1, adv. A2, n. B2	A1, A2, B2
community			n.	A2
left			adj., adv., n.	A1
every			det.	A1
market			n. A1, v. B1	A1, B1
Friday			n.	A1
great			adj.	A1
four			number	A1
too			adv.	A1
long		1	adj., adv.	A1
here			adv.	A1
look			v. A1, n. A2	A1, A2
average			adj., n. A2, v. B1	A2, B1
each			det./pron./adv.	A1
number			A1, adv. A2	A1, A2
number			n. A1, v. A2	A1, A2
local			adj. A1, n. B1	A1, B1
put			v.	A1
used		1	adj.	B1
used		2	adj.	B1
country			n.	A1
few			det./adj., pron.	A1
play			v., n.	A1
never			adv.	A1
better			adj. A1, adv. A2, n. B1	A1, A2, B1
always			adv.	A1
away			adv.	A1
recent			adj.	A2
former			adj.	B2
school			n.	A1
something			pron.	A1
different			adj.	A1
able			adj.	A2
worth			adj. B1, n. B2	B1, B2
additional			adj.	B2
according to			prep.	A2
area			n.	A1
without			prep.	A1
top			n., adj.	A2
man			n.	A1
again			adv.	A1
find			v.	A1
Wednesday			n.	A1
start			v. A1, n. A2	A1, A2
group			n.	A1
five			number	A1
have to			modal v.	A1
past			adj., n., prep. A1, adv. A2	A1, A2
Thursday			n.	A1
health			n.	A1
already			adv.	A2
win			v. A1, n. B1	A1, B1
position			n. A2, v. B2	A2, B2
working			adj.	A2
research			n., v.	A2
due			adj.	B1
little			adj., det./pron. A1, adv. A2	A1, A2
might			modal v.	A2
month			n.	A1
big			adj.	A1
later			adv. A1, adj. A2	A1, A2
Monday			n.	A1
Saturday			n.	A1
case			n.	A2
night			n.	A1
continue			v.	A2
until			conj./prep.	A1
Tuesday			n.	A1
love			n., v.	A1
media			n.	A2
money			n.	A1
city			n.	A1
keep			v.	A1
important			adj.	A1
event			n.	A1
future			n. A1, adj. A2	A1, A2
early			adj., adv.	A1
series			n.	A2
run			v. A1, n. A2	A1, A2
change			v., n.	A1
billion			number	A2
third			number A1, n. A2	A1, A2
period			n.	A1
current			adj. B1, n. B2	B1, B2
share			v. A1, n. B1	A1, B1
far			adv. A1, adj. B1	A1, B1
following			adj. A2, n. B1, prep. B2	A2, B1, B2
feel			v. A1, n. B2	A1, B2
together			adv.	A1
news			n.	A1
become			v.	A1
information			n.	A1
why			adv.	A1
give			v.	A1
several			det./pron.	A2
experience			n. A2, v. B1	A2, B1
service			n.	A2
social			adj.	A2
March			n.	A1
point			n. A1, v. B1	A1, B1
must			modal v.	A1
power			n. A2, v. B2	A2, B2
within			prep.	B1
side			n.	A2
data			n.	A2
further			adj. A2, adv. B1	A2, B1
May			n.	A1
Sunday			n.	A1
open			adj., v.	A1
water			n. A1, v. B1	A1, B1
target			n. A2, v. B2	A2, B2
lead		1	v. A2, n. B1	A2, B1
available			adj.	A2
court			n.	B1
hit			v., n.	A2
today			adv., n.	A1
growth			n.	B1
six			number	A1
along			prep., adv.	A2
system			n.	A2
half			n., det./pron. A1, adv. A2	A1, A2
care			n., v.	A2
food			n.	A1
move			v. A1, n. B1	A1, B1
final			adj. A1, n. A2	A1, A2
story			n.	A1
though			conj., adv.	B1
forward			adv. A2, adj. B2	A2, B2
enough			det., pron., adv.	A1
statement			n.	A1
expected			adj.	B1
young			adj. A1, n. B1	A1, B1
free			adj. A1, adv. A2, v. B2	A1, A2, B2
likely			adj.	A2
film			n. A1, v. A2	A1, A2
thing			n.	A1
head			n. A1, v. B1	A1, B1
least			det./pron., adv.	A2
among			prep.	A2
April			n.	A1
full			adj.	A1
call			v., n.	A1
person			n.	A1
return			v., n.	A1
often			adv.	A1
total			adj., n.	B1
process			n. A2, v. B2	A2, B2
less			det./pron., adv.	A2
provide			v.	A2
close		1	v. A1, n. B2	A1, B2
close		2	adj. A2, adv. B1	A2, B1
yet			adv. A2, conj. B2	A2, B2
meeting			n.	A1
role			n.	A2
once			adv. A1, conj. B1	A1, B1
line			n. A1, v. B2	A1, B2
ever			adv.	A1
recently			adv.	A2
live		1	v.	A1
live		2	adj., adv.	B1
hard			adj., adv.	A1
building			n.	A1
June			n.	A1
behind			prep., adv.	A1
sure			adj. A1, adv. A2	A1, A2
strong			adj.	A1
increase			v., n.	A2
pay			v. A1, n. A2	A1, A2
January			n.	A1
car			n.	A1
major			adj.	A2
development			n.	B1
currently			adv.	B1
financial			adj.	B1
death			n.	A2
potential			adj., n.	B2
real			adj.	A1
face			n. A1, v. B1	A1, B1
ago			adv.	A1
history			n.	A1
party			n.	A1
plan			n., v.	A1
project			n. A1, v. B2	A1, B2
level			n. A2, adj. B1, v. B2	A2, B1, B2
deal			v. A2, n. B1	A2, B1
video			n.	A1
near			prep., adj., adv.	A1
whether			conj.	B1
job			n.	A1
cost			n., v.	A1
possible			adj.	A1
staff			n.	B1
decision			n.	A2
order			n., v.	A1
law			n.	A2
cent			n.	A1
bit			n.	A2
believe			v.	A1
action			n.	A1
security			n.	B1
small			adj.	A1
per cent			n., adj./adv.	A2
kind	(caring)		adj.	B1
kind	(type)		n.	A1
office			n.	A1
July			n.	A1
record			n., v.	A2
especially			adv.	A2
bring			v.	A1
energy			n.	A2
means			n.	B2
clear			adj. A2, v. B1	A2, B1
course			n.	A1
late			adj., adv.	A1
buy			v.	A1
access			n., v.	B1
industry			n.	A2
president			n.	A2
name			n., v.	A1
old			adj.	A1
fire			n. A1, v. B1	A1, B1
impact			n., v.	B1
lost			adj.	A2
house			n. A1, v. B2	A1, B2
large			adj.	A1
goal			n.	A2
space			n.	A1
national			adj. A2, n. B2	A2, B2
October			n.	A1
November			n.	A1
political			adj.	B1
opportunity			n.	A2
everyone			pron.	A1
outside			adv., prep., noun., adj.	A1
road			n.	A1
thought			n.	A2
February			n.	A1
include			v.	A1
December			n.	A1
interest			n., v.	A1
rate			n. A2, v. B2	A2, B2
program			n. A2, v. B1	A2, B1
significant			adj.	B2
almost			adv.	A2
actually			adv.	A2
ahead			adv.	B1
issue			n. B1, v. B2	B1, B2
everything			pron.	A1
morning			n.	A1
performance			n.	B1
fact			n.	A1
woman			n.	A1
low			adj., adv. A2, n. B2	A2, B2
try			v. A1, n. B2	A1, B2
release			v., n.	B1
online			adj., adv.	A1
August			n.	A1
music			n.	A1
someone			pron.	A1
living			adj., n.	B1
based			adj.	A2
career			n.	A1
special			adj.	A1
offer			v., n.	A2
post			n., v.	A1
result			n. A1, v. B1	A1, B1
front			n., adj.	A1
hold			v. A2, n. B2	A2, B2
September			n.	A1
war			n.	A2
latest			adj. B1, n. B2	B1, B2
risk			n., v.	B1
election			n.	B1
create			v.	A1
key			n., adj. A1, v. B1	A1, B1
body			n.	A1
fourth			number	A1
director			n.	A2
couple			n.	A2
seven			number	A1
running			n.	A2
room			n.	A1
stop			v., n.	A1
member			n.	A1
incident			n.	B2
summer			n.	A1
control			n., v.	A2
involved			adj.	B1
military			adj., n.	B2
property			n.	B1
club			n.	A1
chance			n.	A2
anything			pron.	A1
player			n.	A1
however			adv.	A1
campaign			n., v.	B1
town			n.	A1
question			n. A1, v. A2	A1, A2
ensure			v.	B2
safety			n.	B1
firm			n.	B2
hope			v. A1, n. A2	A1, A2
shot			n.	B2
match	(contest/correspond)		n.	
soon			adv.	A1
technology			n.	A2
moment			n.	A1
value			n. B1, v. B2	B1, B2
global			adj.	B1
coach			n. A2, v. B1	A2, B1
himself			pron.	A2
international			adj.	A2
loss			n.	B1
situation			n.	A1
matter			n., v.	A2
nearly			adv.	A2
previous			adj.	B1
scene			n.	A2
throughout			prep./adv.	B1
turn			v., n.	A1
movie			n.	A1
leave			v. A1, n. B2	A1, B2
cut			v. A1, n. B1	A1, B1
hospital			n.	A1
board			n. A2, v. B1	A2, B1
economic			adj.	B1
visit			v., n.	A1
weekend			n.	A1
meet			v.	A1
short			adj.	A1
focus			v., n.	A2
single			adj., n.	A2
age			n. A1, v. B1	A1, B1
remain			v.	B1
child			n.	A1
training			n.	A2
star			n. A1, v. A2	A1, A2
list			n., v.	A1
whole			adj. A2, n. B1	A2, B1
field			n.	A2
approximately			adv.	B1
main			adj.	A1
build			v.	A1
nothing			pron.	A1
quite			adv.	A1
site			n.	A2
hand			n. A1, v. B1	A1, B1
themselves			pron.	A2
investment			n.	B2
attack			n., v.	A2
difficult			adj.	A1
leading			adj.	B1
stay			v. A1, n. A2	A1, A2
air			n.	A1
anyone			pron.	A1
inside			prep., adv., n., adj.	A2
expect			v.	A2
eight			number	A1
despite			prep.	B1
huge			adj.	A2
book			n. A1, v. A2	A1, A2
chief			adj., n.	B2
official			adj. B1, n. B2	B1, B2
range			n. B1, v. B2	B1, B2
ball			n.	A1
various			adj.	B1
policy			n.	B1
human			adj., n.	A2
investigation			n.	B2
leader			n.	A2
either			det./pron., adv.	A2
note			n. A1, v. B1	A1, B1
legal			adj.	B1
let			v.	A1
TV			n.	A1
private			adj.	B1
character			n.	A2
council			n.	B2
idea			n.	A1
medical			adj.	A2
relationship			n.	A2
problem			n.	A1
general			adj.	A2
stage			n. A2, v. B2	A2, B2
success			n.	A1
popular			adj.	A1
probably			adv.	A1
mother			n.	A1
above			prep., adv.	A1
vehicle			n.	A2
region			n.	A2
quickly			adv.	A1
fight			v., n.	A2
officer			n.	A2
wife			n.	A1
similar			adj.	A1
rather			adv.	A2
multiple			adj.	B2
football			n.	A1
response			n.	A2
son			n.	A1
addition			n.	B1
land			n. A1, v. A2	A1, A2
used to			modal v.	A2
quality			n.	A2
safe			adj.	A2
address			n. A1, v. B2	A1, B2
cash			n.	A2
reason			n.	A1
example			n.	A1
mean			v.	A1
production			n.	B1
form			n., v.	A1
tell			v.	A1
towards			prep.	A2
education			n.	A2
positive			adj. A1, n. B2	A1, B2
personal			adj.	A1
previously			adv.	B1
tax			n., v.	B1
date			n. A1, v. B2	A1, B2
light	(from the sun/a lamp)		n.	
light	(not heavy)		adj.	A2
lower			v.	B2
amount			n. A2, v. B2	A2, B2
included			adj.	A2
demand			n., v.	B2
simple			adj.	A2
talk			v. A1, n. A2	A1, A2
allow			v.	A2
ready			adj.	A1
break			v., n.	A1
cannot			v.	A1
cause			n., v.	A2
economy			n.	B1
understand			v.	A1
watch			v., n.	A1
ground			n.	A2
bad			adj.	A1
pretty			adj., adv.	A1
happy			adj.	A1
sense			n. A2, v. B2	A2, B2
father			n.	A1
rest	(remaining part)		n.	A2
rest	(sleep/relax)		n., v.	A2
particularly			adv.	B1
step			n. A2, v. B2	A2, B2
fun			n. A1, adj. A2	A1, A2
funding			n.	B2
oil			n.	A2
easy			adj.	A1
management			n.	B1
senior			adj.	B2
opening			n.	B2
entire			adj.	B2
executive			n., adj.	B2
sector			n.	B2
fall			v. A1, n. A2	A1, A2
phone			n., v.	A1
ability			n.	A2
driving			n.	A2
manager			n.	A2
true			adj.	A1
certain			adj.	A2
capital			n., adj.	A1
heart			n.	A2
serious			adj.	A2
housing			n.	B2
below			adv., prep.	A1
instead			adv.	A2
annual			adj.	B2
gas			n.	A2
sale			n.	A2
overall			adj., adv.	B2
read			v.	A1
pressure			n.	B1
white			adj., n.	A1
reach			v. A2, n. B2	A2, B2
travel			v., n.	A1
climate			n.	A2
closed			adj.	A2
title			n. A1, v. B2	A1, B2
approach			n., v.	B2
unique			adj.	B2
evidence			n.	A2
drive			v. A1, n. A2	A1, A2
force			n., v.	B1
vote			n., v.	B1
original			adj. A2, n.B1	A2, B1
happen			v.	A1
student			n.	A1
improve			v.	A1
learn			v.	A1
account			n. B1, v. B2	B1, B2
interview			n., v.	A1
race	(competition)		n., v.	A2
race	(people)		n.	B1
content		1	n.	B1
study			n., v.	A1
mind			n., v.	A2
round			adj., adv., prep. A2, n. B2	A2, B2
environment			n.	A2
minister			n.	B2
whose			det./pron.	A2
victory			n.	B2
trade			n., v.	B1
daughter			n.	A1
itself			pron.	A2
beyond			prep., adv.	B2
black			adj., n.	A1
directly			adv.	B1
complete			adj., v.	A1
else			adv.	A1
friend			n.	A1
present			adj., n. A1, v. A2	A1, A2
platform			n.	A2
receive			v.	A2
perfect			adj.	A1
crisis			n.	B2
planning			n.	B1
bank	(money)		n.	A1
bank	(river)		n.	B1
violence			n.	B2
simply			adv.	B1
effort			n.	B1
bill			n. A1, v. B2	A1, B2
sign			n., v.	A2
attention			n., exclam.	A2
enjoy			v.	A1
conference			n.	A2
challenge			n. B1, v. B2	B1, B2
net			n.	B1
product			n.	A1
treatment			n.	B1
common			adj., n.	A1
finally			adv.	A2
budget			n.	B2
supply			n., v.	B1
immediately			adv.	A2
via			prep.	B2
website			n.	A1
host			n. B1, v. B2	B1, B2
model			n. A1, v. B2	A1, B2
related			adj.	B1
nine			number	A1
charge			n., v.	B1
view			n. A2, v. B1	A2, B1
basis			n.	B1
mental			adj.	B1
save			v.	A2
weather			n.	A1
store			n. A2, v. B1	A2, B1
lack			n., v.	B1
ask			v.	A1
centre			n. A1, v. B1	A1, B1
leadership			n.	B2
damage			n., v.	B1
fund			n., v.	B2
evening			n.	A1
competition			n.	A2
crime			n.	A2
press			v., n.	B1
protect			v.	A2
pass			v. A2, n. B1	A2, B1
partner			n.	A1
emergency			n.	B1
critical			adj.	B2
track			n. A2, v. B2	A2, B2
trial			n.	B2
spot			n. B1, v. B2	B1, B2
husband			n.	A1
grow			v.	A1
wrong			adj. A1, adv. B1, n. B2	A1, B1, B2
add			v.	A1
stand			v. A1, n. B2	A1, B2
design			n., v.	A1
term			n. A2, v. B2	A2, B2
injury			n.	A2
hearing			n.	B2
district			n.	B2
contract			n., v.	B2
traffic			n.	A1
pair			n.	A1
successful			adj.	A2
missing			adj.	A2
natural			adj.	A1
red			adj., n.	A1
consider			v.	A2
spending			n.	B1
journey			n.	A1
feature			n. A2, v. B1	A2, B1
dead			adj.	A2
agency			n.	B2
shooting			n.	B2
comment			n. A2, v. B1	A2, B1
debt			n.	B2
league			n.	B2
digital			adj.	A2
fully			adv.	B2
message			n.	A1
rise			v. A2, n. B1	A2, B1
check			v. A1, n. A2	A1, A2
administration			n.	B2
culture			n.	A1
feeling			n.	A1
walk			v., n.	A1
brand			n., v.	B1
search			n., v.	A2
serve			v.	A2
hear			v.	A1
pick			v. A2, n. B2	A2, B2
regular			adj.	A2
choice			n.	A2
contact			n., v.	B1
extra			adj. A1, n., adv. B1	A1, B1
certainly			adv.	A2
reduce			v.	A2
class			n.	A1
income			n.	B2
begin			v.	A1
remember			v.	A1
source			n.	A2
art			n.	A1
strike			v., n.	B2
afternoon			n.	A1
benefit			n. A2, v. B1	A2, B1
majority			n.	B2
avoid			v.	A2
sell			v.	A1
app			n.	A2
college			n.	A1
deep			adj. A2, adv. B1	A2, B1
episode			n.	B1
review			n., v.	A2
launch			v., n.	B2
test			n., v.	A1
eventually			adv.	B1
base			n., v.	B1
beginning			n.	A1
located			adj.	B1
excited			adj.	A1
construction			n.	B2
trip			n. A1, v. B2	A1, B2
score			v., n.	A2
drug			n.	A2
follow			v.	A1
wait			v. A1, n. A2	A1, A2
act			v. A2, n. B1	A2, B1
learning			n.	A2
cover			v. A2, n. B1	A2, B1
credit			n. A2, v. B2	A2, B2
alone			adj./adv.	A2
option			n.	A2
cast			n., v.	B2
committee			n.	B2
maybe			adv.	A1
daily			adj. A2, adv. B1	A2, B1
effect			n.	A2
completely			adv.	A2
raise			v.	A2
dog			n.	A1
seem			v.	A2
foreign			adj.	A2
driver			n.	A1
massive			adj.	B2
sometimes			adv.	A1
objective			n., adj.	B2
quick			adj.	A1
agreement			n.	B1
injured			adj.	B1
population			n.	A2
specific			adj.	A2
network			n.	A2
park			n., v.	A1
powerful			adj.	B1
professional			adj. A2, n. B2	A2, B2
beat			v. A2, n. B2	A2, B2
location			n.	B1
station			n.	A1
version			n.	B1
cancer			n.	B2
reality			n.	B1
primary			adj.	B1
speak			v.	A1
progress			n. A2, v. B2	A2, B2
proud			adj.	B1
figure			n. A2, v. B2	A2, B2
prison			n.	A2
actor			n.	A1
wide			adj.	A2
battle			n. B1, v. B2	B1, B2
murder			n., v.	B1
spend			v.	A1
individual			n., adj.	A2
claim			v., n.	B1
floor			n.	A1
song			n.	A1
join			v.	A1
department			n.	A2
victim			n.	B1
audience			n.	A2
limited			adj.	B2
practice			n.	A1
beautiful			adj.	A1
criminal			n. A2, adj. B1	A2, B1
fan			n.	A2
traditional			adj.	A2
door			n.	A1
although			conj.	A2
table			n.	A1
commitment			n.	B2
appear			v.	A2
myself			pron.	A2
letter			n.	A1
necessary			adj.	A2
thinking			n.	A2
particular			adj.	A2
plenty			pron.	B1
strategy			n.	A2
physical			adj.	A2
upon			prep.	B1
double			adj., det., pron., v. A2	
thanks			exclam., n.	A1
writing			n.	A1
straight			adv., adj.	A2
street			n.	A1
condition			n.	A2
green			adj., n.	A1
definitely			adv.	A2
answer			n., v.	A1
nature			n.	A2
organization			n.	A2
candidate			n.	B1
amazing			adj.	A1
type			n. A1, v. B1	A1, B1
society			n.	A2
box			n.	A1
exactly			adv.	A2
fighting			n.	B1
threat			n.	B2
capacity			n.	B2
connection			n.	B1
brother			n.	A1
owner			n.	A2
deliver			v.	B1
heavy			adj.	A2
holiday			n.	A1
experienced			adj.	B1
central			adj.	B1
blood			n.	A2
tough			adj.	B2
nation			n.	B1
confidence			n.	B2
long-term			adj., adv.	B2
card			n.	A1
onto			prep.	A2
application			n.	B1
middle			n., adj.	A2
hour			n.	A1
voice			n.	A2
prevent			v.	A2
purchase			n., v.	B2
shop			n., v.	A1
highly			adv.	B1
balance			n., v.	B1
responsible			adj.	B1
activity			n.	A1
finish			v. A1, n. A2	A1, A2
hot			adj.	A1
train			n. A1, v. A2	A1, A2
aware			adj.	B1
judge			n., v.	B1
usually			adv.	A1
girl			n.	A1
dangerous			adj.	A1
commercial			adj., n.	B1
lose			v.	A1
clean			adj., v.	A1
border			n. B1, v. B2	B1, B2
facility			n.	B2
fair			adj.	A2
justice			n.	B2
truly			adv.	B2
advantage			n.	A2
mission			n.	B2
winter			n.	A1
born			v.	A1
subject			n. A1, adj. B2	A1, B2
nice			adj.	A1
active			adj.	A2
photo			n.	A1
sexual			adj.	B1
extremely			adv.	A2
hair			n.	A1
style			n.	A1
screen			n. A2, v. B2	A2, B2
finding			n.	B2
difference			n.	A1
trust			n., v.	B2
welcome			exclam., v., adj. A1, n. A2	A1, A2
choose			v.	A1
modern			adj.	A1
attempt			n., v.	B2
poor			adj.	A1
secure			v., adj.	B2
equipment			n.	A2
peace			n.	A2
winner			n.	A2
fit			v., adj.	A2
interesting			adj.	A1
block			n., v.	B1
baby			n.	A1
cap			n.	B1
push			v. A2, n. B1	A2, B1
speed			n. A2, v. B2	A2, B2
estate			n.	B2
gold			n., adj.	A2
sort			n. A2, v. B1	A2, B1
size			n.	A2
decade			n.	B1
customer			n.	A1
fine			adj.	A1
carry			v.	A1
display			v., n.	B2
restaurant			n.	A1
herself			pron.	A2
develop			v.	A2
guilty			adj.	B1
written			adj.	B1
clearly			adv.	A2
setting			n.	B1
drop			v. A2, n. B1	A2, B1
complex			adj. B1, n. B2	B1, B2
celebrate			v.	A2
concern			n., v.	B2
award			n. A2, v. B1	A2, B1
easily			adv.	A2
healthy			adj.	A1
mark			v., n.	A2
session			n.	B2
tour			n. A2, v. B1	A2, B1
heat			n., v.	A2
yourself			pron.	A1
piece			n.	A1
crowd			n.	A2
fresh			adj.	A2
crash			n., v.	B2
presence			n.	B2
minute		1	n.	A1
effective			adj.	B1
achieve			v.	A2
sound			n., v.	A1
unit			n.	A2
arrest			v., n.	B1
concerned			adj.	B2
female			adj., n.	A2
fuel			n. B1, v. B2	B1, B2
suspect			v., n.	B2
absolutely			adv.	B1
appearance			n.	A2
variety			n.	A2
knowledge			n.	A2
normal			adj. A2, n. B1	A2, B1
word			n.	A1
direct			adj. A2, v., adv. B1	A2, B1
status			n.	B2
bar			n. A2, v. B2	A2, B2
corner			n.	A2
fast			adj., adv.	A1
language			n.	A1
north			n., adj., adv.	A1
speech			n.	A2
operation			n.	B1
bus			n.	A1
interested			adj.	A1
understanding			n.	A2
band			n.	A1
generation			n.	B1
south			n., adj., adv.	A1
incredible			adj.	A2
perhaps			adv.	A2
youth			n.	B1
picture			n. A1, v. B2	A1, B2
village			n.	A1
send			v.	A1
aid			n., v.	B2
eye			n.	A1
appeal			n., v.	B2
update			v., n.	B1
request			n. A2, v. B1	A2, B1
insurance			n.	B2
path			n.	B1
domestic			adj.	B2
article			n.	A1
meaning			n.	A1
regional			adj.	B2
weight			n.	A2
rain			n., v.	A1
essential			adj.	B1
married			adj.	A1
gun			n.	A2
spring			n. A1, v. B1	A1, B1
camera			n.	A1
require			v.	B1
dollar			n.	A1
strength			n.	B1
respect			n., v.	B1
guy			n.	A2
ceremony			n.	B1
initial			adj.	B2
solution			n.	A2
crucial			adj.	B2
exchange			n., v.	B1
negative			adj. A1, n. B2	A1, B2
electric			adj.	A2
aged			adj.	B1
fear			n. A2, v. B1	A2, B1
programme			n.	A1
mostly			adv.	A2
pain			n.	A2
flight			n.	A1
standard			n., adj.	B1
independent			adj.	A2
conflict			n., v.	B2
conversation			n.	A1
festival			n.	A1
sister			n.	A1
dark			adj. A1, n. A2	A1, A2
device			n.	A2
movement			n.	A2
collection			n.	B1
scheme			n.	B2
talent			n.	B1
impressive			adj.	B1
opposition			n.	B2
plant			n. A1, v. A2	A1, A2
attend			v.	A2
produce			v. A2, v. B2	A2, B2
prepared			adj.	B1
reading			n.	A1
surprise			n., v.	A2
discuss			v.	A1
draw			v.	A1
page			n.	A1
unable			adj.	B1
ban			v., n.	B1
image			n.	A2
county			n.	B2
rule			n. A1, v. B1	A1, B1
worse			adj. A2, adv. B1, n. B2	A2, B1, B2
fellow			adj.	B2
announcement			n.	B1
intelligence			n.	B1
thank			v.	A1
importance			n.	B1
separate			adj. A2, v. B1	A2, B1
advice			n.	A1
bottom			n., adj.	A2
exciting			adj.	A1
parking			n.	A2
software			n.	B1
maintain			v.	B2
stuff			n. B1, v. B2	B1, B2
spread			v. B1, n. B2	B1, B2
creative			adj.	A2
limit			n., v.	B1
warning			n.	B1
famous			adj.	A1
ultimately			adv.	B2
disease			n.	A2
email			n., v.	A1
fifth			number	A1
whatever			det./pron.	B1
wish			v., n.	A2
artist			n.	A1
boy			n.	A1
seat			n. A2, v. B2	A2, B2
charity			n.	A2
offensive			adj.	B2
twice			adv.	A1
classic			adj., n.	B2
direction			n.	A2
core			n., adj.	B2
respond			v.	A2
emotional			adj.	B2
worst			adj. A2, adv. B1, n. B2	A2, B1, B2
loan			n.	B2
illegal			adj.	B1
section			n.	A1
initially			adv.	B2
transfer			v., n.	B2
environmental			adj.	B1
hotel			n.	A1
gain			v., n.	B2
perform			v.	A2
killing			n.	B1
guard			n., v.	B1
politics			n.	B1
covered			adj.	B1
seek			v.	B2
sit			v.	A1
identity			n.	B1
window			n.	A1
protection			n.	B2
church			n.	A2
responsibility			n.	B1
cold			adj., n.	A1
blue			adj., n.	A1
fashion			n.	A2
zone			n.	B2
significantly			adv.	B2
delivery			n.	B2
excellent			adj.	A2
solid			adj., n.	B1
touch			v. A2, n. B1	A2, B1
boss			n.	A2
mobile			adj., n.	A2
basketball			n.	A2
flow			v., n.	B1
male			adj., n.	A2
resident			n., adj.	B2
sex			n.	B1
material			n. A2, adj. B2	A2, B2
prime			adj.	B2
user			n.	A2
broken			adj.	A2
please			exclam. A1, v. A2	A1, A2
ten			number	A1
crew			n.	B2
civil			adj.	B2
defeat			v., n.	B2
largely			adv.	B2
ice			n.	A1
pitch			n.	B2
expensive			adj.	A1
paper			n.	A1
yesterday			adv., n.	A1
surrounding			adj.	B2
proposal			n.	B2
vision			n.	B2
shift			n. B1, v. B2	B1, B2
skin			n.	A2
historic			adj.	B1
explore			v.	B1
decline			v., n.	B2
incredibly			adv.	B1
identify			v.	A2
apply			v.	A2
numerous			adj.	B2
wind		1	n.	A2
wind		2	v.	B2
internet			n.	A1
payment			n.	B1
doubt			n., v.	B1
obviously			adv.	B1
immediate			adj.	B1
miss			v.	A1
television			n.	A1
whom			pron.	B2
trend			n.	B1
union			n.	B1
willing			adj.	B2
rare			adj.	B1
scale			n.	B2
truth			n.	B1
competitive			adj.	B1
sport			n.	A1
comfortable			adj.	A2
century			n.	A1
marketing			n.	B1
debate			n., v.	B2
busy			adj.	A1
ending			n.	A2
album			n.	B1
survey			n. A2, v. B2	A2, B2
university			n.	A1
draft			n., v.	B2
manage			v.	A2
sleep			v. A1, n. A2	A1, A2
camp			n., v.	A2
enter			v.	A2
expand			v.	B1
no one			pron.	A1
industrial			adj.	B2
typically			adv.	B1
alternative			n. A2, adj. B1	A2, B1
defence			n.	B2
volume			n.	B2
campus			n.	B1
notice			v., n.	A2
exercise			n., v.	A1
severe			adj.	B2
kill			v.	A2
influence			n., v.	B1
approval			n.	B2
basic			adj.	B1
catch			v. A2, n. B2	A2, B2
cool			adj. A1, v. B1	A1, B1
dad			n.	A1
dance			n., v.	A1
associated			adj.	B2
battery			n.	B1
teacher			n.	A1
mix			v., n.	B1
relief			n.	B2
decide			v.	A1
waste			n., v., adj.	B1
nuclear			adj.	B1
consumer			n.	B1
island			n.	A1
slightly			adv.	B1
vital			adj.	B2
garden			n.	A1
transition			n.	B2
increasingly			adv.	B2
analysis			n.	B1
conduct			v., n.	B2
route			n.	A2
sea			n.	A1
chain			n. B1, v. B2	B1, B2
slow			adj. A1, v. B1	A1, B1
science			n.	A1
confident			adj.	B1
snow			n., v.	A1
determined			adj.	B1
degree			n.	A2
dream			n., v.	A2
write			v.	A1
drama			n.	A2
pointed			adj.	B2
possession			n.	A2
rescue			v., n.	B2
protest			n., v.	B1
plus		1	prep. B1, adj., conj., n. B2	B1, B2
estimate			v., n.	B2
wonderful			adj.	A1
entertainment			n.	B1
opinion			n.	A1
cultural			adj.	B1
freedom			n.	B2
singer			n.	A1
eat			v.	A1
memory			n.	A2
tree			n.	A1
kick			v., n.	B1
mass			n., adj.	B2
encourage			v.	B1
champion			n.	B1
failure			n.	B2
rural			adj.	B2
accident			n.	A2
purpose			n.	A2
birthday			n.	A1
connected			adj.	A2
wear			v.	A1
advanced			adj.	B1
drink			n., v.	A1
generally			adv.	B1
agree			v.	A1
warm			adj. A1, v. B1	A1, B1
transport			n. A2, v. B1	A2, B1
chair			n. A1, v. B2	A1, B2
foot			n.	A1
determine			v.	B1
farm			n. A1, v.A2	A1, A2
code			n.	A2
rich			adj.	A1
structure			n. A2, v. B2	A2, B2
priority			n.	B2
wedding			n.	A2
count			v. A2, n. B1	A2, B1
remove			v.	A2
wall			n.	A1
electricity			n.	A2
familiar			adj.	B1
schedule			n. A2, v. B2	A2, B2
technical			adj.	B1
brain			n.	A2
struggle			v., n.	B2
authority			n.	B1
edge			n.	B1
perspective			n.	B2
celebration			n.	B1
pull			v. A2, n. B1	A2, B1
southern			adj.	B1
specifically			adv.	B1
aim			v., n.	B1
ring		1	n.	A2
ring		2	v. A2, n. B1	A2, B1
advance			n., v., adj.	B2
initiative			n.	B2
relatively			adv.	B2
smart			adj.	B1
west			n., adj., adv.	A1
deeply			adv.	B2
expert			n., adj.	A2
shut			v., adj.	A2
affect			v.	A2
kitchen			n.	A1
patient			n. A2, adj. B2	A2, B2
giant			adj., n.	B1
everybody			pron.	A1
gift			n.	A2
fantastic			adj.	A1
tool			n.	A2
prove			v.	B1
wild			adj.	A2
entirely			adv.	B2
factor			n.	A2
shopping			n.	A1
actual			adj.	B2
assist			v.	B1
improvement			n.	B1
lawyer			n.	A2
marriage			n.	B1
beauty			n.	B1
sentence			n. A1, v. B2	A1, B2
surgery			n.	B2
accept			v.	A2
fish			n. A1, v. A2	A1, A2
measure			v., n.	B1
bed			n.	A1
anniversary			n.	B2
discussion			n.	A2
alcohol			n.	B1
armed			adj.	B2
ride			v. A1, n. A2	A1, A2
prepare			v.	A1
promote			v.	B1
rock	(music)		n.	A2
rock	(stone)		n.	A2
engaged			adj.	B1
pace			n., v.	B2
grateful			adj.	B1
chairman			n.	B2
seriously			adv.	B1
coffee			n.	A1
pool			n.	A1
bridge			n.	A2
possibility			n.	A2
replace			v.	A2
animal			n.	A1
throw			v.	A2
secretary			n.	A2
therefore			adv.	B1
minimum			adj., n.	B2
entry			n.	B1
nor			conj./adv.	B1
contest			n., v.	B2
hurt			v., adj. A2, n. B2	A2, B2
split			v., n.	B2
horror			n.	B1
leg			n.	A1
possibly			adv.	B1
storm			n.	A2
radio			n.	A1
truck			n.	A2
secret			adj., n.	A2
comedy			n.	A2
category			n.	B1
bag			n.	A1
engage			v.	B2
equal			adj., v. B1, n. B2	B1, B2
suggest			v.	A2
suit			n. A2, v. B1	A2, B1
appropriate			adj.	B2
connect			v.	A2
corporate			adj.	B2
fill			v.	A1
ourselves			pron.	A2
represent			v.	B1
alive			adj.	A2
historical			adj.	B1
panel			n.	B2
species			n.	B2
task			n.	A2
venue			n.	B2
grand			adj.	B2
handle			v., n.	B2
solar			adj.	B2
guide			n., v.	A2
goods			n.	B1
shape			n. A2, v. B2	A2, B2
cycle			n., v.	A2
actress			n.	A1
regularly			adv.	B1
east			n., adj., adv.	A1
religious			adj.	B1
closely			adv.	B2
cross			v., n.	A2
next to			prep.	A1
profit			n.	B1
surprised			adj.	A2
machine			n.	A1
native			adj., n.	B1
spirit			n.	B1
anywhere			adv., pron.	A2
background			n.	A2
earn			v.	A2
treat			v.	B1
coast			n.	A2
hate			v. A1, n. B1	A1, B1
agent			n.	B1
birth			n.	A2
dress			n., v.	A1
ticket			n.	A1
effectively			adv.	B1
none			pron.	A2
operate			v.	B2
otherwise			adv.	B2
theme			n.	B1
apart			adv.	B1
explain			v.	A1
grant			v., n.	B2
proper			adj.	B1
surface			n.	B1
dry			adj., v.	A2
faith			n.	B2
northern			adj.	B1
gap			n.	A2
selection			n.	B2
permanent			adj.	B2
adult			n. A1, adj. A2	A1, A2
beach			n.	A1
behaviour			n.	A2
invest			v.	B1
internal			adj.	B2
text			n. A1, v. A2	A1, A2
relevant			adj.	B2
arms			n.	B2
division			n.	B2
harm			n., v.	B2
listen			v.	A1
doctor			n.	A1
studio			n.	B1
enhance			v.	B2
instance			n.	B2
assistant			n., adj.	A2
consistent			adj.	B2
dinner			n.	A1
retired			adj.	B1
afford			v.	B1
extreme			adj. A2, n. B2	A2, B2
guess			v., n.	A1
ship			n. A2, v. B2	A2, B2
usual			adj.	A2
apartment			n.	A1
finance			n., v.	B2
compete			v.	A2
musical			adj. A2, n. B1	A2, B1
pleased			adj.	A2
row		1	n.	B1
originally			adv.	B1
airport			n.	A1
aircraft			n.	B2
bond			n.	B2
joy			n.	B2
conservative			adj., n.	B2
participate			v.	B1
author			n.	A2
percentage			n.	B1
heavily			adv.	B1
minor			adj.	B2
vast			adj.	B2
enable			v.	B2
obvious			adj.	B1
mum			n.	A1
stress			n., v.	A2
jump			v., n.	A2
criticism			n.	B2
intended			adj.	B2
menu			n.	A1
tight			adj.	B1
passion			n.	B1
violent			adj.	B1
worried			adj.	A2
captain			n.	B1
narrative			n., adj.	B1
concert			n.	A1
delighted			adj.	B2
impossible			adj.	A2
pub			n.	A2
weapon			n.	B1
duty			n.	B1
mention			v. A2, n. B1	A2, B1
unless			conj.	B1
teaching			n.	A2
worry			v. A2, n. B1	A2, B1
army			n.	A2
concept			n.	B2
contribute			v.	B2
package			n. B1, v. B2	B1, B2
valuable			adj.	B1
landscape			n.	B2
distance			n.	A2
promise			v., n.	A2
yes			exclam.	A1
context			n.	A2
phase			n.	B2
worldwide			adj., adv.	B1
document			n. A2, v. B2	A2, B2
employment			n.	B1
unlikely			adj.	B1
river			n.	A1
imagine			v.	A1
writer			n.	A1
junior			adj.	B2
trouble			n. A2, v. B2	A2, B2
employee			n.	A2
plot			n. B1, v. B2	B1, B2
pop			n., adj.	A2
boat			n.	A1
combination			n.	B2
die			v.	A1
forget			v.	A1
capable			adj.	B2
arrival			n.	B1
rent			n., v.	B1
flat			n. A1, adj. A2	A1, A2
stable			adj.	B2
parent			n.	A1
ideal			adj. A2, n. B2	A2, B2
tonight			adv., n.	A1
producer			n.	B1
reveal			v.	B2
tomorrow			adv., n.	A1
square			adj., n.	A2
temporary			adj.	B2
communication			n.	B1
escape			v., n.	B1
friendly			adj.	A1
creation			n.	B2
extend			v.	B2
worker			n.	A1
distribution			n.	B2
maximum			adj., n.	B2
computer			n.	A1
false			adj.	A1
academic			adj.B1, n. B2	B1, B2
outcome			n.	B2
select			v.	B2
appointment			n.	B1
sad			adj.	A1
successfully			adv.	B1
favourite			adj., n.	A1
file			n. B1, v. B2	B1, B2
glass			n.	A1
generate			v.	B2
honest			adj.	B1
reflect			v.	B1
lucky			adj.	A2
cloud			n.	A2
reaction			n.	B1
brief			adj.	B2
witness			n., v.	B2
bright			adj.	A2
desire			n., v.	B2
map			n. A1, v. B2	A1, B2
stretch			v., n.	B2
professor			n.	A2
thus			adv.	B2
properly			adv.	B1
arm			n.	A1
widely			adv.	B2
complaint			n.	B1
quiet			adj.	A1
mainly			adv.	B1
meal			n.	A1
wonder			v., n.	B1
fix			v. A2, n. B2	A2, B2
unknown			adj.	B2
wealth			n.	B2
flag			n.	B1
forever			adv.	B1
zero			number	A2
channel			n.	B1
constantly			adv.	B2
establish			v.	B2
soft			adj.	A2
correct			adj., v.	A1
fixed			adj.	B1
fly			v. A1, n. A2	A1, A2
sweet			adj., n.	A2
flying			n., adj.	A2
intense			adj.	B2
assessment			n.	B2
appreciate			v.	B1
stick	(piece of wood)		n.	B1
stick	(push into/attach)		v.	B1
occasion			n.	B1
brilliant			adj.	A2
mine	(belongs to me)		pron.	A2
mine	(hole in the ground)		n.	B1
agenda			n.	B2
tourism			n.	A2
defend			v.	B2
tend			v.	B1
capture			v., n.	B2
outdoor			adj.	B1
plane			n.	A1
link			n., v.	A2
novel			n.	A2
planet			n.	A2
client			n.	B1
kid			n.	A2
temperature			n.	A2
monitor			n., v.	B2
survive			v.	B1
detail			n. A1, v. B2	A1, B2
baseball			n.	A2
cell			n.	B2
mixed			adj.	B2
totally			adv.	B1
disaster			n.	A2
sun			n.	A1
taste			n., v.	A2
remote			adj.	B1
atmosphere			n.	B1
artificial			adj.	B2
fifty			number	A1
shelter			n., v.	B2
fee			n.	B2
household			n.	B2
clothes			n.	A1
basically			adv.	B2
danger			n.	A2
personality			n.	A2
speaker			n.	A2
van			n.	A2
wave			n. A2, v. B1	A2, B1
commission			n., v.	B2
highlight			v., n.	B1
reduction			n.	B2
manner			n.	A2
function			n. B1, v. B2	B1, B2
comfort			n., v.	B2
fairly			adv.	B1
library			n.	A1
talented			adj.	B1
apparently			adv.	B2
realize			v.	A2
roll			v., n.	B1
wake			v.	A1
hall			n.	A2
educational			adj.	B1
guest			n.	A2
useful			adj.	A1
profile			n.	A2
keen			adj.	B1
arrive			v.	A1
constant			adj.	B2
exist			v.	A2
saving			n.	B2
passenger			n.	A2
suddenly			adv.	A2
prize			n.	A2
illness			n.	A2
funny			adj.	A1
shock			n., v.	B2
luxury			n.	B1
neither			det./pron. A2, adv. B1	A2, B1
efficient			adj.	B2
necessarily			adv.	B1
port			n.	B1
grade			n. B1, v. B2	B1, B2
pilot			n.	A2
wine			n.	A1
deserve			v.	B2
hero			n.	A2
aspect			n.	B2
stream			n.	B2
tradition			n.	A2
upset			adj., v.	B1
opposite			adj., adv., prep., n.	A1
announce			v.	B1
bear	(animal)		n.	A2
bear	(deal with)		v.	B2
detailed			adj.	B2
reference			n.	B1
switch			v. B1, n. B2	B1, B2
smoke			n., v.	A2
topic			n.	A1
reputation			n.	B2
spoken			adj.	B1
aggressive			adj.	B2
confirm			v.	B1
somebody			pron.	A1
poverty			n.	B1
empty			adj. A2, v. B1	A2, B1
except			prep. A2, conj. B1	A2, B1
golf			n.	A2
indeed			adv.	B1
somewhere			adv., pron.	A2
blow			v.	A2
childhood			n.	B1
recognize			v.	A2
beer			n.	A1
frequently			adv.	B1
engine			n.	A2
argument			n.	A2
conclusion			n.	B1
opposed			adj.	B2
sheet			n.	A2
strongly			adv.	B1
plastic			n., adj.	A2
representative			n., adj.	B2
tie			v., n.	A2
bike			n.	A1
complicated			adj.	B2
edition			n.	B2
mistake			n. A1, v. B2	A1, B2
blame			v., n.	B2
depth			n.	B2
somewhat			adv.	B2
collapse			v., n.	B2
meat			n.	A1
hole			n.	A2
exhibition			n.	B1
slowly			adv.	A2
attractive			adj.	A2
silver			n., adj.	A2
destination			n.	B1
frame			n., v.	B1
perfectly			adv.	B1
recording			n.	A2
cooking			n.	A1
noise			n.	A2
reliable			adj.	B1
typical			adj.	A2
delay			v., n.	B2
surprising			adj.	A2
clothing			n.	A2
currency			n.	B1
entrance			n.	B1
forest			n.	A2
lovely			adj.	A2
presentation			n.	B1
dramatic			adj.	B2
privacy			n.	B2
yellow			adj., n.	A1
sugar			n.	A1
collect			v.	A2
extent			n.	B2
magic			n., adj.	B1
occur			v.	B1
western			adj.	B1
eastern			adj.	B1
fishing			n.	A2
sick			adj.	A1
feed			v. A2, n. B2	A2, B2
honour			n., v.	B2
rely			v.	B2
therapy			n.	B2
chat			v., n.	A2
salary			n.	A2
elsewhere			adv.	B2
register			v., n.	B2
pursue			v.	B2
reasonable			adj.	B2
argue			v.	A2
engineering			n.	B1
exact			adj.	A2
documentary			n.	B1
royal			adj.	B1
soil			n.	B1
universe			n.	B2
roof			n.	A2
adventure			n.	A2
knife			n.	A2
popularity			n.	B2
contrast			n., v.	B1
everywhere			adv.	A2
permission			n.	A2
singing			n.	A2
unexpected			adj.	B2
volunteer			n., v.	B1
dozen			n., det.	B2
express			v.	A2
length			n.	B1
predict			v.	A2
relative			adj., n.	B1
routine			n. A1, adj. B2	A1, B2
feedback			n.	B2
contain			v.	A2
urban			adj.	B2
afraid			adj.	A1
repair			v. A2, n. B1	A2, B1
lunch			n.	A1
soccer			n.	A2
disappointed			adj.	B1
graduate			n., v.	B1
attract			v.	B1
drawing			n.	A2
resolve			v.	B2
excitement			n.	B1
knee			n.	A2
smile			v., n.	A2
abroad			adv.	A2
pregnant			adj.	B2
parliament			n.	B2
wage			n.	B2
enemy			n.	B1
sensitive			adj.	B2
skill			n.	A1
virtual			adj.	B2
discover			v.	A2
helpful			adj.	A2
investigate			v.	B1
nobody			pron.	A1
solve			v.	A2
crazy			adj.	A2
lift			v., n.	A2
method			n.	A2
newspaper			n.	A1
seed			n.	B1
sight			n.	B1
lifestyle			n.	A2
metal			n.	A2
institution			n.	B2
sorry			adj., exclam.	A1
ancient			adj.	A2
chapter			n.	B1
journalist			n.	A2
prefer			v.	A1
shocked			adj.	B2
belief			n.	B1
reporter			n.	A2
tiny			adj.	B1
stadium			n.	B1
advertising			n.	A2
exploration			n.	B2
organized			adj.	B1
specialist			n., adj.	B2
personally			adv.	B1
bet			v., n.	B2
genre			n.	B2
chicken			n.	A1
association			n.	B2
broadcast			v., n.	B2
plate			n.	A2
rapid			adj.	B2
flood			n., v.	B1
unusual			adj.	A2
contribution			n.	B2
pet			n.	A2
ad			n.	B1
commit			v.	B1
teenager			n.	A1
fitness			n.	B1
shoulder			n.	A2
external			adj.	B2
shoot			v.	B1
evil			adj., n.	B2
weak			adj.	A2
discovery			n.	A2
branch			n.	B1
racing			n.	B1
recover			v.	B2
sharp			adj.	B1
theory			n.	B1
diet			n.	A1
terrible			adj.	A1
calm			adj., v., n.	B1
encounter			v., n.	B2
mystery			n.	B1
tea			n.	A1
error			n.	A2
cheap			adj. A1, adv. B1	A1, B1
museum			n.	A1
qualified			adj.	B1
strange			adj.	A2
dialogue			n.	A1
rapidly			adv.	B2
resource			n.	B1
pack			v. A2, n. B1	A2, B1
carefully			adv.	A2
height			n.	A2
absolute			adj.	B2
anybody			pron.	A2
intention			n.	B1
lie		1	v.	A1
lie	(tell a lie)	2	v., n.	B1
swimming			n.	A1
virus			n.	A2
command			n., v.	B2
recommend			v.	A2
cup			n.	A1
paint			v., n.	A1
decent			adj.	B2
discount			n. B1, v. B2	B1, B2
equally			adv.	B1
fruit			n.	A1
bunch			n.	B2
button			n.	A2
tank			n.	B2
tennis			n.	A1
broad			adj.	B2
neck			n.	A2
item			n.	A2
describe			v.	A1
formal			adj.	A2
upper			adj.	B2
wildlife			n.	B2
opponent			n.	B2
prospect			n.	B2
angry			adj.	A1
suffer			v.	B1
assume			v.	B2
fail			v.	A2
apparent			adj.	B2
guarantee			v., n.	B2
decrease			v., n.	B2
moon			n.	A2
scientific			adj.	B1
extraordinary			adj.	B2
romantic			adj.	B1
breakfast			n.	A1
horse			n.	A1
drag			v.	B2
luck			n.	A2
regard			v., n.	B2
desperate			adj.	B2
mouth			n.	A1
visual			adj.	B2
chart			n. A1, v. B2	A1, B2
friendship			n.	B1
gang			n.	B2
secondary			adj.	B1
accommodation			n.	B1
ceiling			n.	B1
girlfriend			n.	A1
ocean			n.	A2
recall			v.	B2
dancing			n.	A1
sudden			adj.	B1
clock			n.	A1
mountain			n.	A1
twelve			number	A1
pollution			n.	A2
meanwhile			adv.	B1
hire			v. B1, n. B2	B1, B2
offence			n.	B2
tall			adj.	A1
peaceful			adj.	B1
shall			modal v.	A2
factory			n.	A2
pink			adj., n.	A1
comparison			n.	B1
expense			n.	B2
gather			v.	B1
anyway			adv.	A2
till			conj./prep.	B1
disappointing			adj.	B1
impressed			adj.	B2
bedroom			n.	A1
master			n., v.	B2
normally			adv.	A2
submit			v.	B2
teach			v.	A1
consideration			n.	B2
cream			n. A1, adj. B1	A1, B1
glad			adj.	B1
laptop			n.	A2
careful			adj.	A2
licence			n.	B2
medium			adj. B1, n. B2	B1, B2
departure			n.	B1
element			n.	B1
favour			n. B1, v. B2	B1, B2
soul			n.	B2
dressed			adj.	B1
hell			n.	B2
hockey			n.	A2
introduce			v.	A1
tone			n.	B2
practical			adj.	B1
sky			n.	A2
steel			n.	B2
chocolate			n.	A1
achievement			n.	B1
fundamental			adj.	B2
painting			n.	A1
enormous			adj.	A2
designer			n.	A2
medicine			n.	A2
accurate			adj.	B2
gym			n.	A1
milk			n.	A1
rice			n.	A1
naturally			adv.	B1
praise			n., v.	B2
succeed			v.	A2
OK			exclam., adj./adv.	A1
everyday			adj.	A2
rarely			adv.	B1
stone			n.	A2
preparation			n.	B2
web			n.	A2
bottle			n.	A1
chest			n.	B1
grab			v.	B2
labour			n.	B2
cat			n.	A1
lady			n.	A2
suitable			adj.	B1
publication			n.	B2
introduction			n.	A2
involve			v.	A2
settle			v.	B2
silence			n.	B2
steady			adj.	B2
brown			adj., n.	A1
script			n.	B1
attitude			n.	B1
hundred			number	A1
IT			n.	B1
burn			v. A2, n. B2	A2, B2
celebrity			n.	A2
coal			n.	B1
unfortunately			adv.	A2
earthquake			n.	B1
colour			n.	A1
earth			n.	A2
proof			n.	B2
retain			v.	B2
ambitious			adj.	B1
bathroom			n.	A1
rugby			n.	B1
chip			n.	A2
joke			n., v.	A2
existence			n.	B2
pattern			n.	A2
mood			n.	B1
signal			n., v.	B1
smooth			adj.	B1
raw			adj.	B2
urge			v.	B2
lay			v.	B1
nurse			n.	A1
unlike			prep.	B1
elderly			adj.	B2
cable			n.	B2
repeated			adj.	B1
reserve			n., v.	B2
hide			v.	A2
whenever			conj.	B1
indicate			v.	B1
pose			v.	B2
qualify			v.	B1
reception			n.	A2
wing			n.	B1
assess			v.	B2
circle			n., v.	A2
quit			v.	B1
transform			v.	B2
affair			n.	B2
motor			n., adj.	B2
spell			v.	A1
convinced			adj.	B2
destroy			v.	A2
electronic			adj.	A2
tired			adj.	A1
boyfriend			n.	A1
obtain			v.	B2
repeat			v. A1, n. B1	A1, B1
differently			adv.	A2
load			n., v.	B2
surely			adv.	B1
laugh			v., n.	A1
rush			v., n.	B2
innocent			adj.	B1
regulation			n.	B2
delicious			adj.	A1
cinema			n.	A1
export			n., v.	B1
moral			adj., n.	B2
tip			n. A2, v. B1	A2, B1
breath			n.	B1
narrow			adj. A2, v. B2	A2, B2
nowhere			adv.	A2
painful			adj.	B1
contemporary			adj.	B2
cook			v. A1, n. A2	A1, A2
editor			n.	B1
generous			adj.	B1
grass			n.	A2
teenage			adj.	A2
insight			n.	B2
loud			adj., adv.	A2
rough			adj.	B1
wheel			n.	A2
airline			n.	A2
mess			n., v.	B1
pension		1	n.	B2
acquire			v.	B2
breast			n.	B2
label			n., v.	B1
sadly			adv.	A2
yard			n.	B1
minority			n.	B2
acknowledge			v.	B2
shirt			n.	A1
chef			n.	A2
farming			n.	A2
procedure			n.	B2
hat			n.	A1
lake			n.	A2
steal			v.	A2
anger			n.	B2
breathing			n.	B1
scared			adj.	A2
tale			n.	B2
hunt			v. B1, n. B2	B1, B2
cake			n.	A1
partly			adv.	B2
relation			n.	B1
bird			n.	A1
copy			n., v.	A2
alarm			n. B1, v. B2	B1, B2
bowl			n.	A2
classroom			n.	A1
garage			n.	B1
ill			adj.	A2
requirement			n.	B2
resort			n.	B2
permit			v., n.	B2
wet			adj.	A2
inspire			v.	B2
prayer			n.	B1
substance			n.	B1
explosion			n.	B1
remind			v.	B1
admit			v.	B1
loose			adj.	B2
shame			n.	B2
shower			n.	A1
wood			n.	A2
belt			n.	A2
bomb			n., v.	B1
unemployment			n.	B1
ignore			v.	B1
rid			v.	B2
ordinary			adj.	A2
click			v., n.	B1
difficulty			n.	B1
infection			n.	B2
colleague			n.	A2
dust			n.	B1
preserve			v.	B2
demonstrate			v.	B2
fat			adj. A1, n.A2	A1, A2
lock			v., n.	A2
nervous			adj.	A2
dish			n.	A1
hardly			adv.	B1
midnight			n.	A1
pure			adj.	B2
communicate			v.	A2
component			n.	B2
explanation			n.	A2
self			n.	B2
sum			n., v.	B2
theatre			n.	A1
associate			v.	B2
salt			n.	A1
depend			v.	A2
inform			v.	B2
railway			n.	A2
thousand			number	A1
sauce			n.	A2
spiritual			adj.	B2
strict			adj.	B2
expression			n.	A2
king			n.	A2
symbol			n.	A2
approve			v.	B2
mile			n.	A1
slide			v., n.	B2
cheese			n.	A1
badly			adv.	A2
climb			v. A1, n. B1	A1, B1
summary			n.	B1
helicopter			n.	B1
matching			adj.	B2
reward			n., v.	B2
vacation			n.	A1
fault			n.	B2
wound			n., v.	B2
jacket			n.	A1
musician			n.	A2
mysterious			adj.	B2
string			n.	B1
orange			n., adj.	A1
deny			v.	B2
grandmother			n.	A1
hunting			n.	B2
lesson			n.	A1
sand			n.	B1
tourist			n.	A1
bread			n.	A1
pocket			n.	A2
adapt			v.	B2
object			n. A1, v. B2	A1, B2
sample			n. B1, v. B2	B1, B2
slight			adj.	B2
fascinating			adj.	B1
heating			n.	B1
gallery			n.	A2
odd			adj.	B1
satellite			n.	B2
silent			adj.	B1
column			n.	A2
religion			n.	B1
underground			adj., adv.	A2
harmful			adj.	B2
tune			n.	B2
courage			n.	B2
dig			v.	B2
gradually			adv.	B2
download			v., n.	A2
impression			n.	B1
install			v.	B2
recipe			n.	A2
furniture			n.	A2
hang			v.	B1
fence			n.	B1
magazine			n.	A1
pleasure			n.	B1
quote			v., n.	B1
shadow			n.	B2
beef			n.	A2
chemical			adj., n.	B1
continent			n.	A2
flexible			adj.	B2
smoking			n.	A2
emphasis			n.	B2
root			n.	B2
carpet			n.	A2
smell			v., n.	A2
vary			v.	B2
scary			adj.	A2
smartphone			n.	A2
bite			v., n.	B1
citizen			n.	B2
examination			n.	B2
pray			v.	B1
print			v. A2, n. B2	A2, B2
rank			n., v.	B2
retire			v.	B1
crop			n.	B2
guitar			n.	A1
athlete			n.	A2
electrical			adj.	A2
continuous			adj.	B1
convenient			adj.	B1
compare			v.	A1
frozen			adj.	B1
knock			v. A2, n. B1	A2, B1
employer			n.	A2
engineer			n.	A2
lab			n.	A2
thick			adj.	A2
desk			n.	A1
ambition			n.	B1
dirty			adj.	A1
sing			v.	A1
adopt			v.	B2
egg			n.	A1
origin			n.	B2
definition			n.	B1
description			n.	A1
liquid			n., adj.	B1
refer			v.	A2
muscle			n.	B1
donate			v.	B1
headline			n.	B1
layer			n.	B1
shine			v.	B1
uncomfortable			adj.	B1
occasionally			adv.	B2
barrier			n.	B2
invite			v.	A2
shy			adj.	B1
thin			adj.	A2
bin			n.	A2
realistic			adj.	B2
recommendation			n.	B1
uniform			n.	A2
toilet			n.	A1
awful			adj.	A2
grain			n.	B1
technique			n.	B1
unnecessary			adj.	B1
nose			n.	A1
politician			n.	B1
whereas			conj.	B2
custom			n.	B1
supermarket			n.	A1
happiness			n.	B1
weakness			n.	B2
blind			adj.	B2
commonly			adv.	B2
inner			adj.	B2
tape			n.	B1
wealthy			adj.	B2
emerge			v.	B2
define			v.	B1
profession			n.	B1
flu			n.	A2
phenomenon			n.	B2
similarly			adv.	B1
slip			v.	B2
acceptable			adj.	B2
gate			n.	A2
unfair			adj.	B1
architecture			n.	A2
autumn			n.	A1
satisfied			adj.	B2
cry			v. A2, n. B2	A2, B2
tear		1	v., n.	B2
tear		2	n.	B2
yeah			exclam.	A1
punishment			n.	B1
passage			n.	B2
principle			n.	B2
react			v.	A2
convince			v.	B1
expectation			n.	B2
indoor			adj.	B1
trick			n., v.	B1
motorcycle			n.	A2
regret			v., n.	B2
arrangement			n.	A2
convert			v.	B2
reply			v., n.	A2
ankle			n.	A2
artistic			adj.	B2
exam			n.	A1
stomach			n.	A2
cousin			n.	A1
fiction			n.	A2
blog			n.	A1
grandfather			n.	A1
neighbourhood			n.	B1
sequence			n.	B2
wherever			conj.	B2
attraction			n.	B1
iron			n., v.	B1
pot			n.	B1
wrap			v.	B2
combine			v.	B1
grey			adj., n.	A1
refuse		1	v.	A2
swim			v. A1, n. B1	A1, B1
discipline			n.	B2
experiment			n. A2, v. B1	A2, B1
shake			v. A2, n. B1	A2, B1
lean			v.	B2
examine			v.	B1
mirror			n.	A2
dear			adj. A1, exclam. A2	A1, A2
intend			v.	B1
confused			adj.	B1
poster			n.	A2
brave			adj.	B1
chemistry			n.	A2
enthusiasm			n.	B2
outdoors			adv.	B1
phrase			n.	A1
soldier			n.	A2
afterwards			adv.	B2
finger			n.	A2
locate			v.	B1
tower			n.	A2
united			adj.	A2
coin			n.	B1
detect			v.	B2
tunnel			n.	B2
bone			n.	A2
pants			n.	A2
scientist			n.	A1
declare			v.	B2
justify			v.	B2
butter			n.	A1
cancel			v.	B2
correctly			adv.	A2
impose			v.	B2
mild			adj.	B1
nightmare			n.	B2
stupid			adj.	A2
toy			n., adj.	A2
wooden			adj.	A2
educate			v.	B1
any more			adv.	A2
cafe			n.	A1
photograph			n. A1, v. A2	A1, A2
angle			n.	B2
ethical			adj.	B2
twin			n., adj.	A2
curve			n., v.	B2
desert			n. A2, v. B2	A2, B2
excuse			n., v.	B2
plain			adj.	B2
visitor			n.	A1
costume			n.	B1
evaluate			v.	B2
ski			v., n.	A2
conclude			v.	B1
gentle			adj.	B1
horrible			adj.	B1
hungry			adj.	A1
leather			n.	B1
sponsor			v., n.	B2
wise			adj.	B2
hill			n.	A2
revolution			n.	B2
import			n., v.	B1
belong			v.	A2
emotion			n.	B1
conscious			adj.	B2
flash			n., v.	B2
philosophy			n.	B2
publish			v.	A2
steep			adj.	B2
warn			v.	B1
invitation			n.	A2
businessman			n.	A2
mineral			n.	B2
petrol			n.	A2
photographer			n.	B1
mail			n., v.	A2
quietly			adv.	A2
threaten			v.	B2
uncle			n.	A1
coat			n.	A1
relaxed			adj.	B1
robot			n.	B1
farmer			n.	A1
pin			n., v.	B1
wire			n.	B2
bitter			adj.	B2
deliberately			adv.	B2
mad			adj.	B1
advise			v.	B1
delight			v., n.	B2
ear			n.	A1
flower			n.	A1
kiss			v., n.	B1
notion			n.	B2
queen			n.	A2
boot			n.	A1
passport			n.	A1
washing			n.	A2
fancy			v., adj.	B1
reader			n.	A1
weigh			v.	B1
obligation			n.	B2
relax			v.	A1
researcher			n.	A2
tent			n.	B1
rope			n.	B1
scan			v.	B1
wash			v. A1, n. A2	A1, A2
dominate			v.	B2
piano			n.	A1
sweep			v.	B2
pan			n.	B1
ugly			adj.	B1
drunk			adj.	B1
supporter			n.	B1
critic			n.	B2
statue			n.	B1
taxi			n.	A1
ice cream			n.	A1
silly			adj.	B1
stranger			n.	B1
anxious			adj.	B2
bacteria			n.	B2
breathe			v.	B1
bullet			n.	B2
clever			adj.	A2
countryside			n.	B1
divide			v. B1, n. B2	B1, B2
folk			n., adj.	B1
goodbye			exclam./n.	A1
habit			n.	A2
keyboard			n.	B1
soap			n.	A2
frequency			n.	B2
mixture			n.	B1
imagination			n.	B2
powder			n.	B1
container			n.	B1
fortune			n.	B2
leisure			n.	B1
relate			v.	B1
tropical			adj.	B2
consume			v.	B1
intelligent			adj.	A2
jazz			n.	A2
observe			v.	B2
oppose			v.	B2
dirt			n.	B1
literature			n.	B1
oven			n.	A2
poetry			n.	B1
detective			n.	A2
consequence			n.	B1
reject			v.	B1
jeans			n.	A1
pile			n., v.	B2
portrait			n.	B1
sheep			n.	A1
trainer			n.	A2
brush			v., n.	A2
god			n.	A2
concentration			n.	B2
quantity			n.	A2
photography			n.	B1
telephone			n., v.	A1
camping			n.	A2
deliberate			adj.	B2
neighbour			n.	A1
possess			v.	B2
cure			v., n.	B2
juice			n.	A1
shell			n.	B1
suggestion			n.	A2
boring			adj.	A1
purple			adj., n.	A1
creature			n.	B2
freeze			v.	B1
laughter			n.	A2
tail			n.	B1
bubble			n.	B1
crowded			adj.	A2
holy			adj.	B2
nail			n.	B1
ought			modal v.	B1
ghost			n.	B1
judgement			n.	B2
owe			v.	B2
disagree			v.	A2
lung			n.	B2
translate			v.	B1
journal			n.	B1
pipe			n.	B1
rhythm			n.	B2
shade			n.	B2
alter			v.	B2
expose			v.	B2
pound			n.	A1
priest			n.	B1
bath			n.	A1
runner			n.	A2
sink			v.	B1
complain			v.	A2
marry			v.	A2
educated			adj.	B1
printing			n.	B1
unconscious			adj.	B2
cruel			adj.	B1
apple			n.	A1
arise			v.	B2
resist			v.	B2
embarrassing			adj.	B1
qualification			n.	B1
slice			n., v.	B1
diamond			n.	B1
entertain			v.	B1
instrument			n.	A2
mall			n.	B1
organize			v.	A2
asleep			adj.	A2
confusing			adj.	B2
dismiss			v.	B2
pen			n.	A1
assignment			n.	B1
classical			adj.	A2
happily			adv.	A2
oh			exclam.	A1
sympathy			n.	B2
tablet			n.	A2
annoying			adj.	B1
bother			v.	B1
borrow			v.	A2
pleasant			adj.	B1
viewer			n.	B1
ingredient			n.	B1
ours			pron.	B1
pepper			n.	A1
soup			n.	A1
unhappy			adj.	A2
competitor			n.	B1
embarrassed			adj.	B1
rubber			n., adj.	B2
castle			n.	A2
dancer			n.	A1
informal			adj.	A2
bell			n.	B1
cotton			n.	B1
instructor			n.	A2
throat			n.	B1
elect			v.	B2
observation			n.	B2
lively			adj.	B2
architect			n.	A2
institute			n.	B2
potato			n.	A1
stamp			n.	A2
employ			v.	A2
enthusiastic			adj.	B2
heaven			n.	B2
outline			n., v.	B2
disappear			v.	A2
distribute			v.	B2
valley			n.	A2
abandon			v.	B2
rubbish			n.	A2
fridge			n.	A2
yours			pron.	A2
aunt			n.	A1
palace			n.	A2
relaxing			adj.	B1
emphasize			v.	B2
logical			adj.	B2
prediction			n.	B1
shallow			adj.	B2
construct			v.	B2
jewellery			n.	A2
organ			n.	B2
pretend			v.	B1
salad			n.	A1
apologize			v.	B1
jam			n.	A2
sailing			n.	A2
instruction			n.	A2
queue			n., v.	B1
inch			n.	B2
lip			n.	B1
onion			n.	A1
outer			adj.	B2
sandwich			n.	A1
vitamin			n.	B2
fold			v. B1, n. B2	B1, B2
satisfy			v.	B2
behave			v.	A2
clause			n.	B1
concentrate			v.	B1
sculpture			n.	B1
cow			n.	A1
laboratory			n.	B1
mud			n.	B1
poet			n.	B1
humour			n.	B2
lonely			adj.	B1
snake			n.	A1
blonde			adj.	A1
clue			n.	B1
prisoner			n.	B1
shoe			n.	A1
divorced			adj.	A2
ninety			number	A1
vegetable			n.	A1
participant			n.	B2
propose			v.	B2
sincere			adj.	B2
trousers			n.	A1
lecture			n., v.	A2
lemon			n.	A2
mount			v.	B2
punish			v.	B1
upstairs			adv. A1, adj. A2	A1, A2
cottage			n.	B1
euro			n.	A1
mouse			n.	A1
pupil			n.	B2
reservation			n.	B1
blank			adj., n.	A2
impress			v.	B2
indoors			adv.	B1
upwards			adv.	B2
cloth			n.	B1
frightening			adj.	B1
insist			v.	B2
neat			adj.	B2
pour			v.	B1
skirt			n.	A1
suppose			v.	A2
twenty			number	A1
essay			n.	A2
float			v.	B2
immigrant			n.	B1
penny			n.	A2
depressed			adj.	B2
lorry			n.	A2
remark			n., v.	B2
shelf			n.	B1
arrange			v.	A2
drum			n.	B1
flour			n.	B1
leaf			n.	B1
sensible			adj.	B1
skiing			n.	A2
umbrella			n.	A1
consist			v.	B1
forgive			v.	B2
lend			v.	A2
ashamed			adj.	B2
heel			n.	B2
hurricane			n.	B1
tube			n.	B1
admire			v.	B1
bicycle			n.	A1
bye			exclam.	A1
sail			v. A2, n. B1	A2, B1
servant			n.	B1
sticky			adj.	B2
amazed			adj.	B1
eleven			number	A1
T-shirt			n.	A1
hesitate			v.	B2
poem			n.	B1
tomato			n.	A1
backwards			adv.	B1
nerve			n.	B2
biology			n.	A2
hers			pron.	A2
lazy			adj.	A2
physics			n.	A2
receipt			n.	B1
toe			n.	B1
disadvantage			n.	B1
hurry			n., v.	B1
pig			n.	A1
psychology			n.	B2
shout			v., n.	A2
curtain			n.	B1
rude			adj.	A2
bent			adj.	B2
cartoon			n.	A2
tongue			n.	B1
unemployed			adj.	B1
shiny			adj.	B1
swear			v.	B2
lion			n.	A1
melt			v.	B2
translation			n.	B1
bend			v., n.	B1
psychologist			n.	B2
surround			v.	B2
theirs			pron.	B1
accuse			v.	B2
elephant			n.	A1
govern			v.	B2
hobby			n.	A1
towel			n.	A2
imply			v.	B2
poison			n., v.	B1
thirty			number	A1
organizer			n.	B1
persuade			v.	B1
diary			n.	A2
edit			v.	B2
loudly			adv.	A2
stiff			adj.	B2
accompany			v.	B2
prince			n.	B1
slave			n.	B2
banana			n.	A1
bored			adj.	A1
fur			n.	B1
indirect			adj.	B1
tooth			n.	A1
bride			n.	B1
underwear			n.	B1
attach			v.	B1
boil			v.	A2
illustration			n.	B2
measurement			n.	B2
pale			adj.	B1
princess			n.	B1
scream			v., n.	B2
spicy			adj.	B1
thief			n.	A2
alcoholic			adj.	B1
bush			n.	B2
flame			n.	B2
greet			v.	A2
calculate			v.	B2
slope			n., v.	B2
tin			n.	B1
unpleasant			adj.	B1
needle			n.	B1
nevertheless			adv.	B2
criticize			v.	B2
homework			n.	A1
glove			n.	B1
hey			exclam.	A1
cigarette			n.	A2
cite			v.	B2
noisy			adj.	A2
cheat			v., n.	B1
circumstance			n.	B2
headache			n.	A2
gentleman			n.	B1
geography			n.	A1
illustrate			v.	B2
polite			adj.	A2
annoyed			adj.	B1
bake			v.	B1
careless			adj.	B1
humorous			adj.	B2
wow			exclam.	A2
advertisement			n.	A2
bury			v.	B1
expedition			n.	B1
fifteen			number	A1
CD			n.	A1
downstairs			adv. A1, adj. A2	A1, A2
explode			v.	B1
invention			n.	A2
old-fashioned			adj.	B1
coloured			adj.	B1
symptom			n.	B1
metre			n.	A1
recycle			v.	A2
advertise			v.	A2
fork			n.	A2
printer			n.	A2
sweater			n.	A1
wool			n.	B1
dentist			n.	A2
silk			n.	B2
tidy			adj., v.	A2
lord			n.	B2
depressing			adj.	B2
folding			adj.	B2
interpret			v.	B2
spider			n.	A2
characteristic			n., adj.	B2
modify			v.	B2
rub			v.	B2
definite			adj.	B1
revise			v.	B1
tyre			n.	B1
decorate			v.	B1
hello			exclam./n.	A1
spelling			n.	A1
spoon			n.	A2
frightened			adj.	B1
carrot			n.	A1
fortunately			adv.	A2
thirteen			number	A1
practise			v.	A1
disc			n.	B2
monkey			n.	A2
obey			v.	B2
poisonous			adj.	B1
curved			adj.	B2
forty			number	A1
maths			n.	A2
painter			n.	A2
analyse			v.	B1
bee			n.	B1
mathematics			n.	A2
paragraph			n.	A1
policeman			n.	A1
sir			n.	A2
beg			v.	B2
confuse			v.	B1
fashionable			adj.	B1
fry			v.	B1
insect			n.	A2
all right			adj./adv., exclam.	A2
dislike			v., n.	B1
o’clock			adv.	A1
nut			n.	A2
statistic			n.	B1
cheerful			adj.	B1
sixteen			number	A1
DVD			n.	A1
frog			n.	A2
listener			n.	A2
feather			n.	B2
fourteen			number	A1
cupboard			n.	A2
lamp			n.	A2
pencil			n.	A1
bean			n.	A2
cooker			n.	A2
traveller			n.	A2
interrupt			v.	B2
multiply			v.	B2
summarize			v.	B1
curly			adj.	A2
kilometre			n.	A1
dishonest			adj.	B2
hollow			adj.	B2
stare			v.	B2
decoration			n.	B2
pronounce			v.	A2
secondly			adv.	A2
eighteen			number	A1
imaginary			adj.	B1
biscuit			n.	A2
enquiry			n.	B2
offend			v.	B2
sailor			n.	B1
firstly			adv.	A2
similarity			n.	B1
sixty			number	A1
thirsty			adj.	A1
downwards			adv.	B2
seventeen			number	A1
dictionary			n.	A1
injure			v.	B1
impatient			adj.	B2
whisper			v., n.	B2
hi			exclam.	A1
nineteen			number	A1
seventy			number	A1
waiter			n.	A1
invent			v.	A2
criterion			n.	B2
sock			n.	A2
grandparent			n.	A1
annoy			v.	B1
ah			exclam.	A2
diagram			n.	B1
quotation			n.	B1
furthermore			adv.	B2
frighten			v.	B1
stair			n.	A2
eighty			number	A1
fasten			v.	B1
