Word	Annotation	Sense	Part of Speech	Level	Russian
the			definite article	A1	褌芯褌
of			prep.	A1	懈蟹
and			conj.	A1	懈
to			prep., infinitive marker	A1	褔褌芯斜褘
in			prep., adv.	A1	胁
a, an			indefinite article	A1	邪, 邪薪
that			det., pron., conj. A1, adv. B1	A1, B1	褔褌芯
for			prep.	A1	写谢褟
it			pron.	A1	褝褌芯
IT			n.	B1	袠孝
as			prep. A1, adv., conj. A2	A1, A2	泻邪泻
with			prep.	A1	褋
be			v., auxiliary v.	A1	斜褘褌褜
by			prep. A1, adv. B1	A1, B1	锌芯
on			prep., adv.	A1	薪邪
not			adv.	A1	薪械褌
he			pron.	A1	芯薪
I			pron.	A1	褟
this			det./pron. A1, adv. B1	A1, B1	褝褌芯
or			conj.	A1	懈谢懈
his			det. A1, pron. A2	A1, A2	械谐芯
from			prep.	A1	懈蟹
at			prep.	A1	胁
which			pron./det.	A1	泻芯褌芯褉褘泄
but			conj. A1, prep. B2	A1, B2	薪芯
have			v. A1, auxiliary v.	A2	懈屑械褌褜
have to			modal v.	A1	锌褉懈写械褌褋褟
they			pron.	A1	芯薪懈
you			pron.	A1	褌褘
their			det.	A1	懈褏
one			number/det., pron.	A1	芯写懈薪
all			det., pron. A1, adv. A2	A1, A2	胁褋械
we			pron.	A1	屑褘
can		1	modal v.	A1	屑芯卸械褌
can		2	n.	A2	屑芯卸械褌
her			pron., det.	A1	芯薪邪
there			adv.	A1	褌邪屑
if			conj.	A1	械褋谢懈
more			det./pron., adv.	A1	斜芯谢褜褕械
when			adv., pron., conj.	A1	泻芯谐写邪
will			modal v. A1, n. B1	A1, B1	斜褍写械褌
would			modal v.	A1	斜褘
who			pron.	A1	泻褌芯
so			adv., conj.	A1	褌邪泻
no			exclam., det.	A1	薪械褌
no one			pron.	A1	薪懈泻褌芯
she			pron.	A1	芯薪邪
other			adj./pron.	A1	写褉褍谐芯泄
its			det.	A1	褝褌芯
may			modal v.	A2	屑芯卸械褌
May			n.	A1	屑邪泄
what			pron./det.	A1	褔褌芯
them			pron.	A1	芯薪懈
than			conj.	A1	褔械屑
some			det., pron.	A1	薪械泻芯褌芯褉褘械
him			pron.	A1	芯薪
time			n. A1, v. B2	A1, B2	胁褉械屑褟
into			prep.	A1	胁
only			adj., adv.	A1	褌芯谢褜泻芯
do		1	v., auxiliary v.	A1	写械谢邪褌褜
such			det./pron.	A2	褌邪泻芯泄
my			det.	A1	屑芯泄
new			adj.	A1	薪芯胁褘泄
about			prep., adv.	A1	芯
out			adv./prep.	A1	懈蟹
also			adv.	A1	褌邪泻卸械
two			number	A1	写胁邪
any			det., pron. A1, adv. A2	A1, A2	谢褞斜芯泄
any more			adv.	A2	斜芯谢褜褕械
up			adv., prep.	A1	胁胁械褉褏
first			det./number, adv. A1, n. A2	A1, A2	锌械褉胁褘泄
could			modal v.	A1	屑芯谐 斜褘
our			det.	A1	薪邪褕
then			adv.	A1	褌芯谐写邪
most			det./pron., adv.	A1	斜芯谢褜褕懈薪褋褌胁芯
see			v.	A1	褍胁懈写械褌褜
me			pron.	A1	褟
should			modal v.	A1	写芯谢卸械薪
after			prep. A1, conj., adv. A2	A1, A2	锌芯褋谢械
your			det.	A1	褌胁芯泄
very			adv. A1, adj. B2	A1, B2	芯褔械薪褜
between			prep. A1, adv. A2	A1, A2	屑械卸写褍
many			det./pron.	A1	屑薪芯谐芯
over			prep., adv.	A1	蟹邪泻芯薪褔懈谢芯褋褜
like	(find sb/sth pleasant)		v. A1		薪褉邪胁懈褌褋褟
like	(similar)		prep.	A1	薪褉邪胁懈褌褋褟
now			adv. A1, conj. B1	A1, B1	褋械泄褔邪褋
even			adv. A1, adj. B2	A1, B2	写邪卸械
well			adv., adj., exclam.	A1	薪褍
where			adv., conj.	A1	谐写械
must			modal v.	A1	写芯谢卸械薪
people			n.	A1	谢褞写懈
through			prep., adv.	A1	褔械褉械蟹
how			adv.	A1	泻邪泻
same			adj., pron., adv.	A1	褌芯 卸械 褋邪屑芯械
work			v., n.	A1	褉邪斜芯褌邪
being			n.	B2	斜褍写褍褔懈
because			conj.	A1	锌芯褌芯屑褍 褔褌芯
man			n.	A1	屑褍卸褔懈薪邪
life			n.	A1	卸懈蟹薪褜
before			prep. A1, conj., adv. A2	A1, A2	褉邪薪褜褕械
each			det./pron./adv.	A1	泻邪卸写褘泄
much			det./pron., adv.	A1	屑薪芯谐芯
under			prep., adv.	A1	锌芯写
way			n. A1, adv. B2	A1, B2	锌褍褌褜
great			adj.	A1	芯褌谢懈褔薪芯
state			n. A2, adj., v. B1	A2, B1	谐芯褋褍写邪褉褋褌胁芯
both			det./pron.	A1	芯斜邪
use			v. A1, n. A2	A1, A2	懈褋锌芯谢褜蟹芯胁邪褌褜
upon			prep.	B1	薪邪
own			adj./pron. A1, v. A2	A1, A2	褋芯斜褋褌胁械薪薪褘泄
used		1	adj.	B1	懈褋锌芯谢褜蟹芯胁邪薪薪褘泄
used		2	adj.	B1	懈褋锌芯谢褜蟹芯胁邪薪薪褘泄
used to			modal v.	A2	锌褉懈胁褘泻 泻
however			adv.	A1	芯写薪邪泻芯
us			pron.	A1	屑褘
part			n.	A1	褔邪褋褌褜
good			adj. A1, n. A2	A1, A2	褏芯褉芯褕芯
world			n.	A1	屑懈褉
make			v. A1, n. B2	A1, B2	褋写械谢邪褌褜
three			number	A1	褌褉懈
while			conj. A2, n. B1	A2, B1	锌芯泻邪
long		1	adj., adv.	A1	写谢懈薪薪褘泄
day			n.	A1	写械薪褜
without			prep.	A1	斜械蟹
just			adv.	A1	锌褉芯褋褌芯
general			adj.	A2	芯斜褖懈泄
during			prep.	A1	胁芯 胁褉械屑褟
another			det./pron.	A1	写褉褍谐芯泄
little			adj., det./pron. A1, adv. A2	A1, A2	屑邪谢械薪褜泻懈泄
found			v.	B2	薪邪褕械谢
here			adv.	A1	蟹写械褋褜
system			n.	A2	褋懈褋褌械屑邪
down			adv., prep.	A1	胁薪懈蟹
number			A1, adv. A2	A1, A2	薪芯屑械褉
number			n. A1, v. A2	A1, A2	薪芯屑械褉
case			n.	A2	写械谢芯
against			prep.	A2	锌褉芯褌懈胁
might			modal v.	A2	屑芯卸械褌 斜褘褌褜
still			adv. A1, adj. B1	A1, B1	胁褋械 械褖械
back			n., adv. A1, adj. A2, v. B2	A1, A2, B2	薪邪蟹邪写
all right			adj./adv., exclam.	A2	胁褋械 胁 锌芯褉褟写泻械
right			adj., adv., n.	A1	锌褉邪胁懈谢褜薪芯
know			v.	A1	蟹薪邪褌褜
place			n. A1, v. B1	A1, B1	屑械褋褌芯
every			det.	A1	泻邪卸写褘泄
government			n.	A2	锌褉邪胁懈褌械谢褜褋褌胁芯
too			adv.	A1	褌芯卸械
high			adj. A1, adv. A2, n. B2	A1, A2, B2	胁褘褋芯泻懈泄
old			adj.	A1	褋褌邪褉褘泄
different			adj.	A1	褉邪蟹薪褘械
take			v.	A1	胁蟹褟褌褜
year			n.	A1	谐芯写
power			n. A2, v. B2	A2, B2	胁谢邪褋褌褜
since			prep., conj. A2, adv. B1	A2, B1	褋 褌械褏 锌芯褉
god			n.	A2	斜芯谐
never			adv.	A1	薪懈泻芯谐写邪
social			adj.	A2	褋芯褑懈邪谢褜薪褘泄
order			n., v.	A1	蟹邪泻邪蟹邪褌褜
water			n. A1, v. B1	A1, B1	胁芯写邪
thus			adv.	B2	褌邪泻懈屑 芯斜褉邪蟹芯屑
form			n., v.	A1	褎芯褉屑邪
within			prep.	B1	胁薪褍褌褉懈
small			adj.	A1	屑邪谢械薪褜泻懈泄
shall			modal v.	A2	写芯谢卸械薪
public			adj., n.	A2	芯斜褖械褋褌胁械薪薪褘泄
large			adj.	A1	斜芯谢褜褕芯泄
law			n.	A2	蟹邪泻芯薪
come			v.	A1	锌褉懈写懈
less			det./pron., adv.	A2	屑械薪褜褕械
war			n.	A2	胁芯泄薪邪
point			n. A1, v. B1	A1, B1	褌芯褔泻邪
again			adv.	A1	褋薪芯胁邪
often			adv.	A1	褔邪褋褌芯
go			v. A1, n. B1	A1, B1	懈写褌懈
few			det./adj., pron.	A1	薪械褋泻芯谢褜泻芯
among			prep.	A2	褋褉械写懈
important			adj.	A1	胁邪卸薪褘泄
end			n., v.	A1	泻芯薪械褑
get			v.	A1	锌芯谢褍褔懈褌褜
house			n. A1, v. B2	A1, B2	写芯屑
second	(next after the first)	1	det./		胁褌芯褉芯泄
second	(unit of time)	1	n.	A1	胁褌芯褉芯泄
though			conj., adv.	B1	褏芯褌褟
present			adj., n. A1, v. A2	A1, A2	薪邪褋褌芯褟褖懈泄
example			n.	A1	锌褉懈屑械褉
himself			pron.	A2	褋邪屑
last	(final)	1	det. A1, adv., n. A2	A1, A2	锌芯褋谢械写薪懈泄
last	(taking time)	1	v.	A2	锌芯褋谢械写薪懈泄
say			v.	A1	褋泻邪蟹邪褌褜
left			adj., adv., n.	A1	褍褕械谢
fact			n.	A1	褎邪泻褌
off			adv., prep.	A1	胁褘泻谢.
set	(group)		n.	B1	薪邪斜芯褉
set	(put)		v.	B1	薪邪斜芯褉
per			prep.	A2	蟹邪
yet			adv. A2, conj. B2	A2, B2	械褖械
hand			n. A1, v. B1	A1, B1	褉褍泻邪
development			n.	B1	褉邪蟹胁懈褌懈械
thought			n.	A2	屑褘褋谢褜
always			adv.	A1	胁褋械谐写邪
far			adv. A1, adj. B1	A1, B1	写邪谢械泻芯
country			n.	A1	褋褌褉邪薪邪
school			n.	A1	褕泻芯谢邪
information			n.	A1	懈薪褎芯褉屑邪褑懈褟
group			n.	A1	谐褉褍锌锌邪
following			adj. A2, n. B1, prep. B2	A2, B1, B2	褋谢械写褍褞褖懈泄
think			v.	A1	写褍屑邪褌褜
political			adj.	B1	锌芯谢懈褌懈褔械褋泻懈泄
human			adj., n.	A2	褔械谢芯胁械泻
history			n.	A1	懈褋褌芯褉懈褟
united			adj.	A2	芯斜褗械写懈薪械薪薪褘泄
give			v.	A1	写邪褌褜
family			n., adj.	A1	褋械屑褜褟
find			v.	A1	薪邪泄褌懈
need			v. A1, n. A2, modal v. B1	A1, A2, B1	薪械芯斜褏芯写懈屑芯褋褌褜
figure			n. A2, v. B2	A2, B2	褎懈谐褍褉邪
possible			adj.	A1	胁芯蟹屑芯卸薪芯
although			conj.	A2	褏芯褌褟
rather			adv.	A2	褋泻芯褉械械
later			adv. A1, adj. A2	A1, A2	锌芯蟹卸械
university			n.	A1	褍薪懈胁械褉褋懈褌械褌
once			adv. A1, conj. B1	A1, B1	芯写薪邪卸写褘
course			n.	A1	泻褍褉褋
until			conj./prep.	A1	锌芯泻邪
several			det./pron.	A2	薪械褋泻芯谢褜泻芯
national			adj. A2, n. B2	A2, B2	薪邪褑懈芯薪邪谢褜薪褘泄
whole			adj. A2, n. B1	A2, B1	褑械谢褘泄
chapter			n.	B1	谐谢邪胁邪
early			adj., adv.	A1	褉邪薪薪懈泄
four			number	A1	褔械褌褘褉械
home			n., adv. A1, adj. A2	A1, A2	写芯屑
means			n.	B2	芯蟹薪邪褔邪械褌
process			n. A2, v. B2	A2, B2	锌褉芯褑械褋褋
nature			n.	A2	锌褉懈褉芯写邪
above			prep., adv.	A1	胁褘褕械
therefore			adv.	B1	锌芯褝褌芯屑褍
certain			adj.	A2	褍胁械褉械薪薪褘泄
control			n., v.	A2	泻芯薪褌褉芯谢褜
data			n.	A2	写邪薪薪褘械
name			n., v.	A1	懈屑褟
act			v. A2, n. B1	A2, B1	写械泄褋褌胁芯胁邪褌褜
change			v., n.	A1	懈蟹屑械薪懈褌褜
value			n. B1, v. B2	B1, B2	褑械薪薪芯褋褌褜
body			n.	A1	褌械谢芯
study			n., v.	A1	懈褋褋谢械写芯胁邪薪懈械
table			n.	A1	褋褌芯谢
become			v.	A1	褋褌邪褌褜
whether			conj.	B1	谢懈
city			n.	A1	谐芯褉芯写
book			n. A1, v. A2	A1, A2	泻薪懈谐邪
side			n.	A2	褋褌芯褉芯薪邪
away			adv.	A1	锌褉芯褔褜
period			n.	A1	锌械褉懈芯写
best			adj. A1, adv., n. A2	A1, A2	谢褍褔褕懈泄
line			n. A1, v. B2	A1, B2	谢懈薪懈褟
court			n.	B1	褋褍写
put			v.	A1	锌芯谢芯卸懈褌褜
young			adj. A1, n. B1	A1, B1	屑芯谢芯写芯泄
common			adj., n.	A1	芯斜褖懈泄
person			n.	A1	褔械谢芯胁械泻
either			det./pron., adv.	A2	谢懈斜芯
let			v.	A1	锌褍褋褌褜
why			adv.	A1	锌芯褔械屑褍
land			n. A1, v. A2	A1, A2	蟹械屑谢褟
head			n. A1, v. B1	A1, B1	谐芯谢芯胁邪
business			n.	A1	斜懈蟹薪械褋
company			n.	A1	泻芯屑锌邪薪懈褟
church			n.	A2	褑械褉泻芯胁褜
effect			n.	A2	褝褎褎械泻褌
society			n.	A2	芯斜褖械褋褌胁芯
around			prep., adv.	A1	胁芯泻褉褍谐
better			adj. A1, adv. A2, n. B1	A1, A2, B1	谢褍褔褕械
nothing			pron.	A1	薪懈褔械谐芯
white			adj., n.	A1	斜械谢褘泄
itself			pron.	A2	褋邪屑
something			pron.	A1	褔褌芯-褌芯
light	(from the sun/a lamp)		n.		褋胁械褌
light	(not heavy)		adj.	A2	褋胁械褌
question			n. A1, v. A2	A1, A2	胁芯锌褉芯褋
almost			adv.	A2	锌芯褔褌懈
interest			n., v.	A1	懈薪褌械褉械褋
mind			n., v.	A2	褍屑
next			adj., adv. A1, n. B1	A1, B1	褋谢械写褍褞褖懈泄
next to			prep.	A1	褉褟写芯屑 褋
least			det./pron., adv.	A2	屑懈薪懈屑褍屑
level			n. A2, adj. B1, v. B2	A2, B1, B2	褍褉芯胁械薪褜
themselves			pron.	A2	褋邪屑懈
economic			adj.	B1	褝泻芯薪芯屑懈褔械褋泻懈泄
child			n.	A1	褉械斜械薪芯泻
death			n.	A2	褋屑械褉褌褜
service			n.	A2	褍褋谢褍谐邪
view			n. A2, v. B1	A2, B1	锌褉芯褋屑芯褌褉
action			n.	A1	写械泄褋褌胁懈械
five			number	A1	锌褟褌褜
press			v., n.	B1	薪邪卸邪褌褜
father			n.	A1	芯褌械褑
further			adj. A2, adv. B1	A2, B1	写邪谢褜褕械
love			n., v.	A1	谢褞斜芯胁褜
research			n., v.	A2	懈褋褋谢械写芯胁邪薪懈械
area			n.	A1	锌谢芯褖邪写褜
true			adj.	A1	锌褉邪胁写邪
education			n.	A2	芯斜褉邪蟹芯胁邪薪懈械
self			n.	B2	褋邪屑
age			n. A1, v. B1	A1, B1	胁芯蟹褉邪褋褌
necessary			adj.	A2	薪械芯斜褏芯写懈屑芯
subject			n. A1, adj. B2	A1, B2	锌褉械写屑械褌
want			v.	A1	褏芯褔褍
ever			adv.	A1	泻芯谐写邪-谢懈斜芯
problem			n.	A1	锌褉芯斜谢械屑邪
free			adj. A1, adv. A2, v. B2	A1, A2, B2	斜械褋锌谢邪褌薪芯
party			n.	A1	胁械褔械褉懈薪泻邪
king			n.	A2	泻芯褉芯谢褜
together			adv.	A1	胁屑械褋褌械
century			n.	A1	胁械泻
section			n.	A1	褉邪蟹写械谢
position			n. A2, v. B2	A2, B2	锌芯蟹懈褑懈褟
type			n. A1, v. B1	A1, B1	褌懈锌
result			n. A1, v. B1	A1, B1	褉械蟹褍谢褜褌邪褌
help			v., n.	A1	锌芯屑芯褔褜
individual			n., adj.	A2	懈薪写懈胁懈写褍邪谢褜薪褘泄
already			adv.	A2	褍卸械
matter			n., v.	A2	胁芯锌褉芯褋
full			adj.	A1	锌芯谢薪褘泄
half			n., det./pron. A1, adv. A2	A1, A2	锌芯谢芯胁懈薪邪
various			adj.	B1	褉邪蟹谢懈褔薪褘械
sense			n. A2, v. B2	A2, B2	褋屑褘褋谢
look			v. A1, n. A2	A1, A2	褋屑芯褌褉懈
based			adj.	A2	芯褋薪芯胁邪薪薪褘泄
whose			det./pron.	A2	褔械泄
south			n., adj., adv.	A1	褞谐
total			adj., n.	B1	胁褋械谐芯
class			n.	A1	泻谢邪褋褋
perhaps			adv.	A2	胁芯蟹屑芯卸薪芯
policy			n.	B1	锌芯谢懈褌懈泻邪
local			adj. A1, n. B1	A1, B1	屑械褋褌薪褘泄
enough			det., pron., adv.	A1	写芯褋褌邪褌芯褔薪芯
particular			adj.	A2	泻芯薪泻褉械褌薪褘泄
rate			n. A2, v. B2	A2, B2	褋褌邪胁泻邪
air			n.	A1	胁芯蟹写褍褏
along			prep., adv.	A2	胁写芯谢褜
mother			n.	A1	屑邪褌褜
knowledge			n.	A2	蟹薪邪薪懈褟
face			n. A1, v. B1	A1, B1	谢懈褑芯
word			n.	A1	褋谢芯胁芯
kind	(caring)		adj.	B1	写芯斜褉褘泄
kind	(type)		n.	A1	写芯斜褉褘泄
open			adj., v.	A1	芯褌泻褉褘褌褜
able			adj.	A2	褋锌芯褋芯斜薪褘泄
money			n.	A1	写械薪褜谐懈
experience			n. A2, v. B1	A2, B1	芯锌褘褌
support			v., n.	A2	锌芯写写械褉卸泻邪
real			adj.	A1	薪邪褋褌芯褟褖懈泄
black			adj., n.	A1	褔械褉薪褘泄
language			n.	A1	褟蟹褘泻
room			n.	A1	泻芯屑薪邪褌邪
force			n., v.	B1	褋懈谢邪
low			adj., adv. A2, n. B2	A2, B2	薪懈蟹泻懈泄
according to			prep.	A2	褋芯谐谢邪褋薪芯
usually			adv.	A1	芯斜褘褔薪芯
north			n., adj., adv.	A1	褋械胁械褉
show			v., n.	A1	锌芯泻邪蟹邪褌褜
night			n.	A1	薪芯褔褜
short			adj.	A1	泻芯褉芯褌泻懈泄
field			n.	A2	锌芯谢械
reason			n.	A1	锌褉懈褔懈薪邪
quite			adv.	A1	胁锌芯谢薪械
nor			conj./adv.	B1	薪懈
health			n.	A1	蟹写芯褉芯胁褜械
special			adj.	A1	芯褋芯斜械薪薪褘泄
thing			n.	A1	胁械褖褜
analysis			n.	B1	邪薪邪谢懈蟹
especially			adv.	A2	芯褋芯斜械薪薪芯
lord			n.	B2	谢芯褉写
woman			n.	A1	卸械薪褖懈薪邪
major			adj.	A2	屑邪泄芯褉
similar			adj.	A1	锌芯褏芯卸懈泄
care			n., v.	A2	蟹邪斜芯褌邪
theory			n.	B1	褌械芯褉懈褟
whom			pron.	B2	泻芯谐芯
office			n.	A1	芯褎懈褋
art			n.	A1	懈褋泻褍褋褋褌胁芯
production			n.	B1	锌褉芯懈蟹胁芯写褋褌胁芯
sometimes			adv.	A1	懈薪芯谐写邪
third			number A1, n. A2	A1, A2	褌褉械褌懈泄
due			adj.	B1	懈蟹-蟹邪
international			adj.	A2	屑械卸写褍薪邪褉芯写薪褘泄
single			adj., n.	A2	芯写懈薪芯泻懈泄
natural			adj.	A1	械褋褌械褋褌胁械薪薪褘泄
account			n. B1, v. B2	B1, B2	褋褔械褌
cause			n., v.	A2	锌褉懈褔懈薪邪
community			n.	A2	褋芯芯斜褖械褋褌胁芯
heart			n.	A2	褋械褉写褑械
soon			adv.	A1	褋泻芯褉芯
method			n.	A2	屑械褌芯写
evidence			n.	A2	写芯泻邪蟹邪褌械谢褜褋褌胁邪
trade			n., v.	B1	褌芯褉谐芯胁谢褟
foreign			adj.	A2	懈薪芯褋褌褉邪薪薪褘泄
west			n., adj., adv.	A1	蟹邪锌邪写
clear			adj. A2, v. B1	A2, B1	褟褋薪芯
model			n. A1, v. B2	A1, B2	屑芯写械谢褜
near			prep., adj., adv.	A1	褉褟写芯屑
probably			adv.	A1	胁械褉芯褟褌薪芯
including			prep.	A2	胁 褌芯屑 褔懈褋谢械
read			v.	A1	褔懈褌邪褌褜
material			n. A2, adj. B2	A2, B2	屑邪褌械褉懈邪谢
long-term			adj., adv.	B2	写芯谢谐芯褋褉芯褔薪褘泄
term			n. A2, v. B2	A2, B2	褋褉芯泻
past			adj., n., prep. A1, adv. A2	A1, A2	锌褉芯褕谢芯械
report			n. A1, v. A2	A1, A2	芯褌褔械褌
future			n. A1, adj. A2	A1, A2	斜褍写褍褖械械
structure			n. A2, v. B2	A2, B2	褋褌褉褍泻褌褍褉邪
available			adj.	A2	写芯褋褌褍锌械薪
working			adj.	A2	褉邪斜芯褌邪褞
tell			v.	A1	褉邪褋褋泻邪蟹邪褌褜
amount			n. A2, v. B2	A2, B2	褋褍屑屑邪
really			adv.	A1	写械泄褋褌胁懈褌械谢褜薪芯
function			n. B1, v. B2	B1, B2	褎褍薪泻褑懈褟
keep			v.	A1	写械褉卸邪褌褜
indeed			adv.	B1	写械泄褋褌胁懈褌械谢褜薪芯
growth			n.	B1	褉芯褋褌
market			n. A1, v. B1	A1, B1	褉褘薪芯泻
increase			v., n.	A2	褍胁械谢懈褔械薪懈械
personal			adj.	A1	谢懈褔薪褘泄
cost			n., v.	A1	褋褌芯懈屑芯褋褌褜
mean			v.	A1	懈屑械褞 胁 胁懈写褍
surface			n.	B1	锌芯胁械褉褏薪芯褋褌褜
idea			n.	A1	懈写械褟
lower			v.	B2	薪懈卸械
note			n. A1, v. B1	A1, B1	锌褉懈屑械褔邪薪懈械
program			n. A2, v. B1	A2, B1	锌褉芯谐褉邪屑屑邪
treatment			n.	B1	谢械褔械薪懈械
six			number	A1	褕械褋褌褜
food			n.	A1	械写邪
close		1	v. A1, n. B2	A1, B2	蟹邪泻褉褘褌褜
close		2	adj. A2, adv. B1	A2, B1	蟹邪泻褉褘褌褜
blood			n.	A2	泻褉芯胁褜
population			n.	A2	薪邪褋械谢械薪懈械
central			adj.	B1	褑械薪褌褉邪谢褜薪褘泄
character			n.	A2	锌械褉褋芯薪邪卸
president			n.	A2	锌褉械蟹懈写械薪褌
energy			n.	A2	褝薪械褉谐懈褟
property			n.	B1	褋芯斜褋褌胁械薪薪芯褋褌褜
living			adj., n.	B1	卸懈褌褜
provide			v.	A2	芯斜械褋锌械褔懈褌褜
specific			adj.	A2	泻芯薪泻褉械褌薪褘泄
science			n.	A1	薪邪褍泻邪
return			v., n.	A1	胁芯蟹胁褉邪褖械薪懈械
practice			n.	A1	锌褉邪泻褌懈泻邪
role			n.	A2	褉芯谢褜
management			n.	B1	屑械薪械写卸屑械薪褌
son			n.	A1	褋褘薪
generally			adv.	B1	胁芯芯斜褖械
influence			n., v.	B1	胁谢懈褟薪懈械
purpose			n.	A2	褑械谢褜
strong			adj.	A1	褋懈谢褜薪褘泄
call			v., n.	A1	锌芯蟹胁芯薪懈褌褜
current			adj. B1, n. B2	B1, B2	褌械泻褍褖懈泄
believe			v.	A1	胁械褉懈褌褜
letter			n.	A1	锌懈褋褜屑芯
story			n.	A1	懈褋褌芯褉懈褟
ground			n.	A2	蟹械屑谢褟
main			adj.	A1	谐谢邪胁薪褘泄
paper			n.	A1	斜褍屑邪谐邪
modern			adj.	A1	褋芯胁褉械屑械薪薪褘泄
moment			n.	A1	屑芯屑械薪褌
written			adj.	B1	薪邪锌懈褋邪薪芯
situation			n.	A1	褋懈褌褍邪褑懈褟
turn			v., n.	A1	锌芯胁械褉薪褍褌褜
plan			n., v.	A1	锌谢邪薪
movement			n.	A2	写胁懈卸械薪懈械
private			adj.	B1	褔邪褋褌薪褘泄
late			adj., adv.	A1	锌芯蟹写薪芯
size			n.	A2	褉邪蟹屑械褉
union			n.	B1	褋芯褞蟹
east			n., adj., adv.	A1	胁芯褋褌芯泻
test			n., v.	A1	褌械褋褌
difficult			adj.	A1	褋谢芯卸薪芯
feel			v. A1, n. B2	A1, B2	褔褍胁褋褌胁芯胁邪褌褜
river			n.	A1	褉械泻邪
poor			adj.	A1	斜械写薪褘泄
attention			n., exclam.	A2	胁薪懈屑邪薪懈械
town			n.	A1	谐芯褉芯写
space			n.	A1	锌褉芯褋褌褉邪薪褋褌胁芯
price			n. A1, v. B2	A1, B2	褑械薪邪
rule			n. A1, v. B1	A1, B1	锌褉邪胁懈谢芯
activity			n.	A1	写械褟褌械谢褜薪芯褋褌褜
across			prep., adv.	A1	褔械褉械蟹
play			v., n.	A1	懈谐褉邪褌褜
building			n.	A1	蟹写邪薪懈械
anything			pron.	A1	褔褌芯-薪懈斜褍写褜
physical			adj.	A2	褎懈蟹懈褔械褋泻懈泄
capital			n., adj.	A1	泻邪锌懈褌邪谢
hard			adj., adv.	A1	褌褟卸械谢芯
sea			n.	A1	屑芯褉械
cent			n.	A1	褑械薪褌
per cent			n., adj./adv.	A2	锌褉芯褑械薪褌
approach			n., v.	B2	锌芯写褏芯写
pressure			n.	B1	写邪胁谢械薪懈械
finally			adv.	A2	薪邪泻芯薪械褑
military			adj., n.	B2	胁芯械薪薪褘泄
middle			n., adj.	A2	褋褉械写薪懈泄
sir			n.	A2	褋褝褉
spirit			n.	B1	写褍褏
basis			n.	B1	芯褋薪芯胁邪
army			n.	A2	邪褉屑懈褟
red			adj., n.	A1	泻褉邪褋薪褘泄
alone			adj./adv.	A2	芯写懈薪
simple			adj.	A2	锌褉芯褋褌芯泄
below			adv., prep.	A1	薪懈卸械
series			n.	A2	褋械褉懈褟
source			n.	A2	懈褋褌芯褔薪懈泻
particularly			adv.	B1	芯褋芯斜械薪薪芯
earth			n.	A2	蟹械屑谢褟
department			n.	A2	芯褌写械谢
likely			adj.	A2	胁械褉芯褟褌薪芯
lost			adj.	A2	锌芯褌械褉褟薪薪褘泄
complete			adj., v.	A1	锌芯谢薪褘泄
behind			prep., adv.	A1	锌芯蟹邪写懈
wife			n.	A1	卸械薪邪
object			n. A1, v. B2	A1, B2	芯斜褗械泻褌
twenty			number	A1	写胁邪写褑邪褌褜
committee			n.	B2	泻芯屑懈褌械褌
related			adj.	B1	褋胁褟蟹邪薪薪褘泄
range			n. B1, v. B2	B1, B2	写懈邪锌邪蟹芯薪
truth			n.	B1	锌褉邪胁写邪
income			n.	B2	写芯褏芯写
instead			adv.	A2	胁屑械褋褌芯 褝褌芯谐芯
beyond			prep., adv.	B2	蟹邪 锌褉械写械谢邪屑懈
rest	(remaining part)		n.	A2	芯褌写褘褏
rest	(sleep/relax)		n., v.	A2	芯褌写褘褏
outside			adv., prep., noun., adj.	A1	褋薪邪褉褍卸懈
organization			n.	A2	芯褉谐邪薪懈蟹邪褑懈褟
religious			adj.	B1	褉械谢懈谐懈芯蟹薪褘泄
board			n. A2, v. B1	A2, B1	写芯褋泻邪
live		1	v.	A1	卸懈褌褜
live		2	adj., adv.	B1	卸懈褌褜
design			n., v.	A1	写懈蟹邪泄薪
except			prep. A2, conj. B1	A2, B1	泻褉芯屑械
authority			n.	B1	邪胁褌芯褉懈褌械褌
patient			n. A2, adj. B2	A2, B2	锌邪褑懈械薪褌
respect			n., v.	B1	褍胁邪卸械薪懈械
sure			adj. A1, adv. A2	A1, A2	泻芯薪械褔薪芯
culture			n.	A1	泻褍谢褜褌褍褉邪
relationship			n.	A2	芯褌薪芯褕械薪懈褟
ten			number	A1	写械褋褟褌褜
condition			n.	A2	褋芯褋褌芯褟薪懈械
addition			n.	B1	写芯锌芯谢薪械薪懈械
direct			adj. A2, v., adv. B1	A2, B1	锌褉褟屑芯泄
seem			v.	A2	泻邪蟹邪褌褜褋褟
industry			n.	A2	锌褉芯屑褘褕谢械薪薪芯褋褌褜
college			n.	A1	泻芯谢谢械写卸
beginning			n.	A1	薪邪褔邪谢芯
hundred			number	A1	褋褌芯
manner			n.	A2	屑邪薪械褉邪
front			n., adj.	A1	褎褉芯薪褌
original			adj. A2, n.B1	A2, B1	芯褉懈谐懈薪邪谢褜薪褘泄
appear			v.	A2	锌芯褟胁懈褌褜褋褟
include			v.	A1	胁泻谢褞褔邪褌褜
writing			n.	A1	锌懈褋褜屑芯
council			n.	B2	褋芯胁械褌
disease			n.	A2	斜芯谢械蟹薪褜
standard			n., adj.	B1	褋褌邪薪写邪褉褌薪褘泄
fire			n. A1, v. B1	A1, B1	芯谐芯薪褜
degree			n.	A2	褋褌械锌械薪褜
towards			prep.	A2	泻
leave			v. A1, n. B2	A1, B2	褍泄褌懈
understand			v.	A1	锌芯薪褟褌褜
average			adj., n. A2, v. B1	A2, B1	褋褉械写薪懈泄
March			n.	A1	屑邪褉褌
length			n.	B1	写谢懈薪邪
difference			n.	A1	褉邪蟹薪懈褑邪
simply			adv.	B1	锌褉芯褋褌芯
normal			adj. A2, n. B1	A2, B1	薪芯褉屑邪谢褜薪褘泄
quality			n.	A2	泻邪褔械褋褌胁芯
street			n.	A1	褍谢懈褑邪
run			v. A1, n. A2	A1, A2	斜械卸邪褌褜
answer			n., v.	A1	芯褌胁械褌懈褌褜
morning			n.	A1	褍褌褉芯
loss			n.	B1	锌芯褌械褉褟
stage			n. A2, v. B2	A2, B2	褋褑械薪邪
pay			v. A1, n. A2	A1, A2	锌谢邪褌懈褌褜
today			adv., n.	A1	褋械谐芯写薪褟
decision			n.	A2	褉械褕械薪懈械
page			n.	A1	褋褌褉邪薪懈褑邪
bank	(money)		n.	A1	斜邪薪泻
bank	(river)		n.	B1	斜邪薪泻
top			n., adj.	A2	褌芯锌
journal			n.	B1	卸褍褉薪邪谢
door			n.	A1	写胁械褉褜
importance			n.	B1	胁邪卸薪芯褋褌褜
western			adj.	B1	蟹邪锌邪写薪褘泄
tax			n., v.	B1	薪邪谢芯谐
involved			adj.	B1	胁芯胁谢械褔械薪薪褘泄
solution			n.	A2	褉械褕械薪懈械
hope			v. A1, n. A2	A1, A2	薪邪写械卸写邪
voice			n.	A2	谐芯谢芯褋
reading			n.	A1	褔褌械薪懈械
bring			v.	A1	锌褉懈薪械褋褌懈
peace			n.	A2	屑懈褉
chief			adj., n.	B2	薪邪褔邪谢褜薪懈泻
species			n.	B2	胁懈写
die			v.	A1	褍屑械褉械褌褜
response			n.	A2	芯褌胁械褌
association			n.	B2	邪褋褋芯褑懈邪褑懈褟
performance			n.	B1	锌褉芯懈蟹胁芯写懈褌械谢褜薪芯褋褌褜
road			n.	A1	写芯褉芯谐邪
issue			n. B1, v. B2	B1, B2	胁褘锌褍褋泻
consider			v.	A2	褉邪褋褋屑芯褌褉械褌褜
learning			n.	A2	芯斜褍褔械薪懈械
equal			adj., v. B1, n. B2	B1, B2	褉邪胁薪褘泄
training			n.	A2	芯斜褍褔械薪懈械
cut			v. A1, n. B1	A1, B1	胁褘褉械蟹邪褌褜
basic			adj.	B1	斜邪蟹芯胁褘泄
member			n.	A1	褔谢械薪
friend			n.	A1	写褉褍谐
lead		1	v. A2, n. B1	A2, B1	胁械褋褌懈
music			n.	A1	屑褍蟹褘泻邪
temperature			n.	A2	褌械屑锌械褉邪褌褍褉邪
volume			n.	B2	芯斜褗械屑
review			n., v.	A2	芯斜蟹芯褉
significant			adj.	B2	蟹薪邪褔懈褌械谢褜薪褘泄
former			adj.	B2	斜褘胁褕懈泄
meaning			n.	A1	褋屑褘褋谢
associated			adj.	B2	褋胁褟蟹邪薪薪褘泄
direction			n.	A2	薪邪锌褉邪胁谢械薪懈械
everything			pron.	A1	胁褋械
job			n.	A1	褉邪斜芯褌邪
understanding			n.	A2	锌芯薪懈屑邪薪懈械
region			n.	A2	褉械谐懈芯薪
big			adj.	A1	斜芯谢褜褕芯泄
hold			v. A2, n. B2	A2, B2	写械褉卸邪褌褜
opinion			n.	A1	屑薪械薪懈械
June			n.	A1	懈褞薪褜
text			n. A1, v. A2	A1, A2	褌械泻褋褌
date			n. A1, v. B2	A1, B2	写邪褌邪
application			n.	B1	锌褉懈谢芯卸械薪懈械
author			n.	A2	邪胁褌芯褉
cell			n.	B2	泻谢械褌泻邪
distribution			n.	B2	褉邪褋锌褉芯褋褌褉邪薪械薪懈械
fall			v. A1, n. A2	A1, A2	锌邪写邪褌褜
limited			adj.	B2	芯谐褉邪薪懈褔械薪薪褘泄
presence			n.	B2	锌褉懈褋褍褌褋褌胁懈械
sound			n., v.	A1	蟹胁褍泻
meeting			n.	A1	胁褋褌褉械褔邪
clearly			adv.	A2	褟褋薪芯
expected			adj.	B1	芯卸懈写邪械褌褋褟
nearly			adv.	A2	锌芯褔褌懈
extent			n.	B2	褋褌械锌械薪褜
yes			exclam.	A1	写邪
medical			adj.	A2	屑械写懈褑懈薪褋泻懈泄
actually			adv.	A2	薪邪 褋邪屑芯屑 写械谢械
final			adj. A1, n. A2	A1, A2	褎懈薪邪谢褜薪褘泄
list			n., v.	A1	褋锌懈褋芯泻
project			n. A1, v. B2	A1, B2	锌褉芯械泻褌
product			n.	A1	锌褉芯写褍泻褌
throughout			prep./adv.	B1	锌芯胁褋褞写褍
discussion			n.	A2	芯斜褋褍卸写械薪懈械
produce			v. A2, v. B2	A2, B2	锌褉芯懈蟹胁芯写懈褌褜
religion			n.	B1	褉械谢懈谐懈褟
deep			adj. A2, adv. B1	A2, B1	谐谢褍斜芯泻懈泄
operation			n.	B1	芯锌械褉邪褑懈褟
else			adv.	A1	械褖械
mass			n., adj.	B2	屑邪褋褋邪
determined			adj.	B1	褉械褕懈褌械谢褜薪褘泄
oil			n.	A2	屑邪褋谢芯
security			n.	B1	斜械蟹芯锌邪褋薪芯褋褌褜
fine			adj.	A1	褏芯褉芯褕芯
distance			n.	A2	褉邪褋褋褌芯褟薪懈械
move			v. A1, n. B1	A1, B1	写胁懈谐邪褌褜褋褟
effective			adj.	B1	褝褎褎械泻褌懈胁薪褘泄
nation			n.	B1	薪邪褑懈褟
step			n. A2, v. B2	A2, B2	褕邪谐
success			n.	A1	褍褋锌械褏
literature			n.	B1	谢懈褌械褉邪褌褍褉邪
neither			det./pron. A2, adv. B1	A2, B1	薪懈
follow			v.	A1	褋谢械写芯胁邪褌褜
cross			v., n.	A2	泻褉械褋褌
ask			v.	A1	褋锌褉芯褋懈褌褜
immediately			adv.	A2	薪械屑械写谢械薪薪芯
certainly			adv.	A2	泻芯薪械褔薪芯
principle			n.	B2	锌褉懈薪褑懈锌
moral			adj., n.	B2	屑芯褉邪谢褜薪褘泄
July			n.	A1	懈褞谢褜
faith			n.	B2	胁械褉邪
deal			v. A2, n. B1	A2, B1	褋写械谢泻邪
recent			adj.	A2	薪械写邪胁薪懈泄
legal			adj.	B1	褞褉懈写懈褔械褋泻懈泄
administration			n.	B2	邪写屑懈薪懈褋褌褉邪褑懈褟
potential			adj., n.	B2	锌芯褌械薪褑懈邪谢
civil			adj.	B2	谐褉邪卸写邪薪褋泻懈泄
directly			adv.	B1	薪邪锌褉褟屑褍褞
meet			v.	A1	胁褋褌褉械褌懈褌褜褋褟
expression			n.	A2	胁褘褉邪卸械薪懈械
myself			pron.	A2	褟 褋邪屑
born			v.	A1	褉芯写懈谢褋褟
wide			adj.	A2	褕懈褉芯泻懈泄
post			n., v.	A1	锌芯褋褌
justice			n.	B2	褋锌褉邪胁械写谢懈胁芯褋褌褜
strength			n.	B1	褋懈谢邪
relation			n.	B1	芯褌薪芯褕械薪懈械
statement			n.	A1	蟹邪褟胁谢械薪懈械
financial			adj.	B1	褎懈薪邪薪褋芯胁褘泄
dead			adj.	A2	屑械褉褌胁褘泄
cultural			adj.	B1	泻褍谢褜褌褍褉薪褘泄
historical			adj.	B1	懈褋褌芯褉懈褔械褋泻懈泄
existence			n.	B2	褋褍褖械褋褌胁芯胁邪薪懈械
weight			n.	A2	胁械褋
reference			n.	B1	褋褋褘谢泻邪
feeling			n.	A1	褔褍胁褋褌胁芯
round			adj., adv., prep. A2, n. B2	A2, B2	泻褉褍谐谢褘泄
risk			n., v.	B1	褉懈褋泻
included			adj.	A2	胁泻谢褞褔械薪芯
scale			n.	B2	屑邪褋褕褌邪斜
supply			n., v.	B1	锌芯褋褌邪胁泻邪
million			number	A1	屑懈谢谢懈芯薪
write			v.	A1	锌懈褋邪褌褜
doubt			n., v.	B1	褋芯屑薪械薪懈械
hour			n.	A1	褔邪褋
industrial			adj.	B2	锌褉芯屑褘褕谢械薪薪褘泄
April			n.	A1	邪锌褉械谢褜
primary			adj.	B1	锌械褉胁懈褔薪褘泄
base			n., v.	B1	斜邪蟹邪
seven			number	A1	褋械屑褜
wall			n.	A1	褋褌械薪邪
complex			adj. B1, n. B2	B1, B2	褋谢芯卸薪褘泄
entire			adj.	B2	胁械褋褜
try			v. A1, n. B2	A1, B2	锌芯锌褉芯斜褍泄
county			n.	B2	谐褉邪褎褋褌胁芯
article			n.	A1	褋褌邪褌褜褟
thinking			n.	A2	屑褘褕谢械薪懈械
record			n., v.	A2	蟹邪锌懈褋褜
flow			v., n.	B1	锌芯褌芯泻
sun			n.	A1	褋芯谢薪褑械
attempt			n., v.	B2	锌芯锌褘褌泻邪
bad			adj.	A1	锌谢芯褏芯泄
instance			n.	B2	褝泻蟹械屑锌谢褟褉
commission			n., v.	B2	泻芯屑懈褋褋懈褟
easily			adv.	A2	谢械谐泻芯
unit			n.	A2	械写懈薪懈褑邪
green			adj., n.	A1	蟹械谢械薪褘泄
week			n.	A1	薪械写械谢褟
demand			n., v.	B2	褋锌褉芯褋
environment			n.	A2	芯泻褉褍卸邪褞褖邪褟 褋褉械写邪
proper			adj.	B1	薪邪写谢械卸邪褖懈泄
positive			adj. A1, n. B2	A1, B2	锌芯蟹懈褌懈胁薪褘泄
talk			v. A1, n. A2	A1, A2	谐芯胁芯褉懈褌褜
active			adj.	A2	邪泻褌懈胁薪褘泄
image			n.	A2	懈蟹芯斜褉邪卸械薪懈械
plant			n. A1, v. A2	A1, A2	褉邪褋褌械薪懈械
freedom			n.	B2	褋胁芯斜芯写邪
library			n.	A1	斜懈斜谢懈芯褌械泻邪
dark			adj. A1, n. A2	A1, A2	褌械屑薪芯
key			n., adj. A1, v. B1	A1, B1	泻谢褞褔
speak			v.	A1	谐芯胁芯褉懈褌褜
whatever			det./pron.	B1	褔褌芯 褍谐芯写薪芯
concerned			adj.	B2	蟹邪懈薪褌械褉械褋芯胁邪薪薪褘泄
measure			v., n.	B1	屑械褉邪
fear			n. A2, v. B1	A2, B1	褋褌褉邪褏
independent			adj.	A2	薪械蟹邪胁懈褋懈屑褘泄
heat			n., v.	A2	褌械锌谢芯
master			n., v.	B2	屑邪褋褌械褉
eye			n.	A1	谐谢邪蟹
upper			adj.	B2	胁械褉褏薪懈泄
actual			adj.	B2	褎邪泻褌懈褔械褋泻懈泄
cold			adj., n.	A1	褏芯谢芯写薪褘泄
frequently			adv.	B1	褔邪褋褌芯
eight			number	A1	胁芯褋械屑褜
ability			n.	A2	褋锌芯褋芯斜薪芯褋褌褜
unless			conj.	B1	械褋谢懈 褌芯谢褜泻芯
regard			v., n.	B2	褍胁邪卸械薪懈械
status			n.	B2	褋褌邪褌褍褋
hear			v.	A1	褋谢褘褕邪褌褜
thousand			number	A1	褌褘褋褟褔邪
stock			n.	B2	蟹邪锌邪褋
student			n.	A1	褋褌褍写械薪褌
rise			v. A2, n. B1	A2, B1	锌芯写褗械屑
arms			n.	B2	芯褉褍卸懈械
factor			n.	A2	褎邪泻褌芯褉
charge			n., v.	B1	蟹邪褉褟卸邪褌褜
easy			adj.	A1	谢械谐泻芯
stand			v. A1, n. B2	A1, B2	褋褌芯褟褌褜
share			v. A1, n. B1	A1, B1	锌芯写械谢懈褌褜褋褟
picture			n. A1, v. B2	A1, B2	泻邪褉褌懈薪邪
content		1	n.	B1	褋芯写械褉卸邪薪懈械
herself			pron.	A2	褋邪屑邪
agreement			n.	B1	褋芯谐谢邪褕械薪懈械
remember			v.	A1	锌芯屑薪懈褌褜
constant			adj.	B2	锌芯褋褌芯褟薪薪褘泄
none			pron.	A2	薪械褌
popular			adj.	A1	锌芯锌褍谢褟褉薪褘泄
appropriate			adj.	B2	褋芯芯褌胁械褌褋褌胁褍褞褖懈泄
style			n.	A1	褋褌懈谢褜
start			v. A1, n. A2	A1, A2	薪邪褔邪褌褜
goods			n.	B1	褌芯胁邪褉褘
ready			adj.	A1	谐芯褌芯胁
occur			v.	B1	锌褉芯懈褋褏芯写懈褌褜
forward			adv. A2, adj. B2	A2, B2	胁锌械褉械写
construction			n.	B2	褋褌褉芯懈褌械谢褜褋褌胁芯
minister			n.	B2	屑懈薪懈褋褌褉
useful			adj.	A1	锌芯谢械蟹薪褘泄
remain			v.	B1	芯褋褌邪胁邪褌褜褋褟
island			n.	A1	芯褋褌褉芯胁
choice			n.	A2	胁褘斜芯褉
district			n.	B2	褉邪泄芯薪
speech			n.	A2	褉械褔褜
economy			n.	B1	褝泻芯薪芯屑懈泻邪
desire			n., v.	B2	卸械谢邪薪懈械
division			n.	B2	写懈胁懈蟹懈褟
bill			n. A1, v. B2	A1, B2	褋褔械褌
highly			adv.	B1	胁械褋褜屑邪
task			n.	A2	蟹邪写邪褔邪
staff			n.	B1	锌械褉褋芯薪邪谢
additional			adj.	B2	写芯锌芯谢薪懈褌械谢褜薪褘泄
progress			n. A2, v. B2	A2, B2	锌褉芯谐褉械褋褋
site			n.	A2	褋邪泄褌
serious			adj.	A2	褋械褉褜械蟹薪褘泄
gold			n., adj.	A2	蟹芯谢芯褌芯
boy			n.	A1	屑邪谢褜褔懈泻
brother			n.	A1	斜褉邪褌
January			n.	A1	褟薪胁邪褉褜
sort			n. A2, v. B1	A2, B1	褋芯褉褌懈褉芯胁邪褌褜
relative			adj., n.	B1	芯褌薪芯褋懈褌械谢褜薪褘泄
pass			v. A2, n. B1	A2, B1	锌褉芯泄褌懈
previous			adj.	B1	锌褉械写褘写褍褖懈泄
pain			n.	A2	斜芯谢褜
separate			adj. A2, v. B1	A2, B1	芯褌写械谢褜薪褘泄
planning			n.	B1	锌谢邪薪懈褉芯胁邪薪懈械
lay			v.	B1	谢械卸邪褌褜
exchange			n., v.	B1	芯斜屑械薪懈胁邪褌褜
critical			adj.	B2	泻褉懈褌懈褔械褋泻懈泄
ancient			adj.	A2	写褉械胁薪懈泄
October			n.	A1	芯泻褌褟斜褉褜
August			n.	A1	邪胁谐褍褋褌
marriage			n.	B1	斜褉邪泻
introduction			n.	A2	胁胁械写械薪懈械
effort			n.	B1	褍褋懈谢懈械
memory			n.	A2	锌邪屑褟褌褜
girl			n.	A1	写械胁褍褕泻邪
internal			adj.	B2	胁薪褍褌褉械薪薪懈泄
soul			n.	B2	写褍褕邪
bed			n.	A1	泻褉芯胁邪褌褜
news			n.	A1	薪芯胁芯褋褌懈
brown			adj., n.	A1	泻芯褉懈褔薪械胁褘泄
lack			n., v.	B1	薪械写芯褋褌邪褌芯泻
husband			n.	A1	屑褍卸
September			n.	A1	褋械薪褌褟斜褉褜
learn			v.	A1	褍褔懈褌褜褋褟
command			n., v.	B2	泻芯屑邪薪写邪
politics			n.	B1	锌芯谢懈褌懈泻邪
December			n.	A1	写械泻邪斜褉褜
duty			n.	B1	芯斜褟蟹邪薪薪芯褋褌褜
teacher			n.	A1	褍褔懈褌械谢褜
daily			adj. A2, adv. B1	A2, B1	械卸械写薪械胁薪芯
technology			n.	A2	褌械褏薪芯谢芯谐懈褟
essential			adj.	B1	褋褍褖械褋褌胁械薪薪褘泄
allow			v.	A2	褉邪蟹褉械褕懈褌褜
box			n.	A1	泻芯褉芯斜泻邪
iron			n., v.	B1	卸械谢械蟹芯
failure			n.	B2	薪械褍写邪褔邪
concept			n.	B2	泻芯薪褑械锌褑懈褟
pattern			n.	A2	褍蟹芯褉
ago			adv.	A1	薪邪蟹邪写
phase			n.	B2	褎邪蟹邪
otherwise			adv.	B2	懈薪邪褔械
variety			n.	A2	褉邪蟹薪芯芯斜褉邪蟹懈械
determine			v.	B1	芯锌褉械写械谢懈褌褜
blue			adj., n.	A1	褋懈薪懈泄
prepared			adj.	B1	锌芯写谐芯褌芯胁谢械薪薪褘泄
contact			n., v.	B1	泻芯薪褌邪泻褌
lot			pron., det., adv.	A1	屑薪芯谐芯
continue			v.	A2	锌褉芯写芯谢卸邪褌褜
heavy			adj.	A2	褌褟卸械谢褘泄
labour			n.	B2	褌褉褍写
southern			adj.	B1	褞卸薪褘泄
communication			n.	B1	芯斜褖械薪懈械
fully			adv.	B2	锌芯谢薪芯褋褌褜褞
wish			v., n.	A2	卸械谢邪薪懈械
opportunity			n.	A2	胁芯蟹屑芯卸薪芯褋褌褜
computer			n.	A1	泻芯屑锌褜褞褌械褉
exercise			n., v.	A1	褍锌褉邪卸薪械薪懈械
police			n.	A1	锌芯谢懈褑懈褟
create			v.	A1	褋芯蟹写邪胁邪褌褜
reality			n.	B1	褉械邪谢褜薪芯褋褌褜
add			v.	A1	写芯斜邪胁懈褌褜
inside			prep., adv., n., adj.	A2	胁薪褍褌褉懈
description			n.	A1	芯锌懈褋邪薪懈械
teaching			n.	A2	锌褉械锌芯写邪胁邪薪懈械
summer			n.	A1	谢械褌芯
gas			n.	A2	谐邪蟹
car			n.	A1	屑邪褕懈薪邪
scientific			adj.	B1	薪邪褍褔薪褘泄
title			n. A1, v. B2	A1, B2	褌懈褌褍谢
soil			n.	B1	锌芯褔胁邪
claim			v., n.	B1	褌褉械斜芯胁邪褌褜
village			n.	A1	写械褉械胁薪褟
traditional			adj.	A2	褌褉邪写懈褑懈芯薪薪褘泄
protection			n.	B2	蟹邪褖懈褌邪
entirely			adv.	B2	锌芯谢薪芯褋褌褜褞
fixed			adj.	B1	褎懈泻褋懈褉芯胁邪薪薪褘泄
lady			n.	A2	谢械写懈
capacity			n.	B2	械屑泻芯褋褌褜
completely			adv.	A2	锌芯谢薪芯褋褌褜褞
majority			n.	B2	斜芯谢褜褕懈薪褋褌胁芯
mental			adj.	B1	褍屑褋褌胁械薪薪褘泄
access			n., v.	B1	写芯褋褌褍锌
practical			adj.	B1	锌褉邪泻褌懈褔薪褘泄
successful			adj.	A2	褍褋锌械褕薪褘泄
interesting			adj.	A1	懈薪褌械褉械褋薪芯
code			n.	A2	泻芯写
impossible			adj.	A2	薪械胁芯蟹屑芯卸薪芯
develop			v.	A2	褉邪蟹胁懈胁邪褌褜
begin			v.	A1	薪邪褔邪褌褜
someone			pron.	A1	泻褌芯-褌芯
event			n.	A1	褋芯斜褘褌懈械
somewhat			adv.	B2	薪械褋泻芯谢褜泻芯
month			n.	A1	屑械褋褟褑
notice			v., n.	A2	褍胁械写芯屑谢械薪懈械
revolution			n.	B2	褉械胁芯谢褞褑懈褟
philosophy			n.	B2	褎懈谢芯褋芯褎懈褟
leading			adj.	B1	胁械写褍褖懈泄
beautiful			adj.	A1	泻褉邪褋懈胁褘泄
relatively			adv.	B2	芯褌薪芯褋懈褌械谢褜薪芯
covered			adj.	B1	锌芯泻褉褘褌褘泄
employment			n.	B1	蟹邪薪褟褌芯褋褌褜
offer			v., n.	A2	锌褉械写谢芯卸械薪懈械
November			n.	A1	薪芯褟斜褉褜
wrong			adj. A1, adv. B1, n. B2	A1, B1, B2	薪械锌褉邪胁懈谢褜薪芯
negative			adj. A1, n. B2	A1, B2	芯褌褉懈褑邪褌械谢褜薪褘泄
require			v.	B1	褌褉械斜褍褞褌
attack			n., v.	A2	邪褌邪泻芯胁邪褌褜
tree			n.	A1	写械褉械胁芯
address			n. A1, v. B2	A1, B2	邪写褉械褋
aid			n., v.	B2	锌芯屑芯褖褜
hall			n.	A2	蟹邪谢
receive			v.	A2	锌芯谢褍褔邪褌褜
till			conj./prep.	B1	写芯
carry			v.	A1	薪械褋褌懈
connection			n.	B1	褋芯械写懈薪械薪懈械
female			adj., n.	A2	卸械薪褖懈薪邪
serve			v.	A2	褋谢褍卸懈褌褜
stone			n.	A2	泻邪屑械薪褜
quickly			adv.	A1	斜褘褋褌褉芯
evening			n.	A1	胁械褔械褉
race	(competition)		n., v.	A2	谐芯薪泻邪
race	(people)		n.	B1	谐芯薪泻邪
animal			n.	A1	卸懈胁芯褌薪芯械
procedure			n.	B2	锌褉芯褑械写褍褉邪
collection			n.	B1	泻芯谢谢械泻褑懈褟
annual			adj.	B2	械卸械谐芯写薪褘泄
royal			adj.	B1	泻芯褉芯谢械胁褋泻懈泄
secretary			n.	A2	褋械泻褉械褌邪褉褜
rich			adj.	A1	斜芯谐邪褌褘泄
male			adj., n.	A2	屑褍卸褔懈薪邪
professional			adj. A2, n. B2	A2, B2	锌褉芯褎械褋褋懈芯薪邪谢褜薪褘泄
context			n.	A2	泻芯薪褌械泻褋褌
trust			n., v.	B2	写芯胁械褉懈械
appearance			n.	A2	胁薪械褕薪懈泄 胁懈写
firm			n.	B2	褎懈褉屑邪
balance			n., v.	B1	斜邪谢邪薪褋
spring			n. A1, v. B1	A1, B1	胁械褋薪邪
stop			v., n.	A1	褋褌芯锌
reaction			n.	B1	褉械邪泻褑懈褟
sample			n. B1, v. B2	B1, B2	芯斜褉邪蟹械褑
foot			n.	A1	薪芯谐邪
battle			n. B1, v. B2	B1, B2	斜懈褌胁邪
contract			n., v.	B2	泻芯薪褌褉邪泻褌
thirty			number	A1	褌褉懈写褑邪褌褜
hair			n.	A1	胁芯谢芯褋褘
equipment			n.	A2	芯斜芯褉褍写芯胁邪薪懈械
wood			n.	A2	写械褉械胁芯
floor			n.	A1	锌芯谢
married			adj.	A1	卸械薪邪褌
argument			n.	A2	邪褉谐褍屑械薪褌
mark			v., n.	A2	芯褌屑械褌泻邪
file			n. B1, v. B2	B1, B2	褎邪泄谢
miss			v.	A1	锌褉芯锌褍褋褌懈褌褜
hill			n.	A2	褏芯谢屑
daughter			n.	A1	写芯褔褜
despite			prep.	B1	薪械褋屑芯褌褉褟 薪邪
conference			n.	A2	泻芯薪褎械褉械薪褑懈褟
oh			exclam.	A1	芯褏
glass			n.	A1	褋褌械泻谢芯
advantage			n.	A2	锌褉械懈屑褍褖械褋褌胁芯
external			adj.	B2	胁薪械褕薪懈泄
prevent			v.	A2	锌褉械写芯褌胁褉邪褌懈褌褜
judge			n., v.	B1	褋褍写褜褟
investment			n.	B2	懈薪胁械褋褌懈褑懈懈
enemy			n.	B1	胁褉邪谐
piece			n.	A1	泻褍褋芯泻
credit			n. A2, v. B2	A2, B2	泻褉械写懈褌
commercial			adj., n.	B1	泻芯屑屑械褉褔械褋泻懈泄
northern			adj.	B1	褋械胁械褉薪褘泄
square			adj., n.	A2	泻胁邪写褉邪褌
reach			v. A2, n. B2	A2, B2	写芯褋褌懈谐邪褌褜
hospital			n.	A1	斜芯谢褜薪懈褑邪
conflict			n., v.	B2	泻芯薪褎谢懈泻褌
native			adj., n.	B1	褉芯写薪芯泄
visit			v., n.	A1	锌芯褋械褌懈褌褜
February			n.	A1	褎械胁褉邪谢褜
sex			n.	B1	褋械泻褋
film			n. A1, v. A2	A1, A2	褎懈谢褜屑
initial			adj.	B2	薪邪褔邪谢褜薪褘泄
official			adj. B1, n. B2	B1, B2	褔懈薪芯胁薪懈泻
holy			adj.	B2	褋胁褟褌芯泄
enter			v.	A2	胁芯泄褌懈
explain			v.	A1	芯斜褗褟褋薪懈褌褜
worth			adj. B1, n. B2	B1, B2	褋褌芯懈褌
educational			adj.	B1	芯斜褉邪蟹芯胁邪褌械谢褜薪褘泄
officer			n.	A2	芯褎懈褑械褉
element			n.	B1	褝谢械屑械薪褌
fair			adj.	A2	褋锌褉邪胁械写谢懈胁褘泄
skin			n.	A2	泻芯卸邪
conduct			v., n.	B2	锌褉芯胁芯写懈褌褜
cover			v. A2, n. B1	A2, B1	芯斜谢芯卸泻邪
ordinary			adj.	A2	芯斜褘褔薪褘泄
ship			n. A2, v. B2	A2, B2	泻芯褉邪斜谢褜
double			adj., det., pron., v. A2		写胁芯泄薪芯泄
contrast			n., v.	B1	泻芯薪褌褉邪褋褌
responsibility			n.	B1	芯褌胁械褌褋褌胁械薪薪芯褋褌褜
avoid			v.	A2	懈蟹斜械谐邪褌褜
technical			adj.	B1	褌械褏薪懈褔械褋泻懈泄
mouth			n.	A1	褉芯褌
running			n.	A2	斜械谐
exist			v.	A2	褋褍褖械褋褌胁芯胁邪褌褜
network			n.	A2	褋械褌褜
impact			n., v.	B1	胁芯蟹写械泄褋褌胁懈械
responsible			adj.	B1	芯褌胁械褌褋褌胁械薪薪褘泄
intended			adj.	B2	锌褉械写薪邪蟹薪邪褔械薪薪褘泄
machine			n.	A1	屑邪褕懈薪邪
search			n., v.	A2	锌芯懈褋泻
definition			n.	B1	芯锌褉械写械谢械薪懈械
powerful			adj.	B1	屑芯褖薪褘泄
game			n.	A1	懈谐褉邪
scene			n.	A2	褋褑械薪邪
brain			n.	A2	屑芯蟹谐
chance			n.	A2	褕邪薪褋
shape			n. A2, v. B2	A2, B2	褎芯褉屑邪
origin			n.	B2	锌褉芯懈褋褏芯卸写械薪懈械
spiritual			adj.	B2	写褍褏芯胁薪褘泄
numerous			adj.	B2	屑薪芯谐芯褔懈褋谢械薪薪褘械
happy			adj.	A1	褋褔邪褋褌谢懈胁褘泄
obtain			v.	B2	锌芯谢褍褔懈褌褜
window			n.	A1	芯泻薪芯
closed			adj.	A2	蟹邪泻褉褘褌芯
fish			n. A1, v. A2	A1, A2	褉褘斜邪
stress			n., v.	A2	褋褌褉械褋褋
setting			n.	B1	褍褋褌邪薪芯胁泻邪
professor			n.	A2	锌褉芯褎械褋褋芯褉
sexual			adj.	B1	褋械泻褋褍邪谢褜薪褘泄
eastern			adj.	B1	胁芯褋褌芯褔薪褘泄
consideration			n.	B2	褉邪褋褋屑芯褌褉械薪懈械
trial			n.	B2	懈褋锌褘褌邪薪懈械
winter			n.	A1	蟹懈屑邪
correct			adj., v.	A1	锌褉邪胁懈谢褜薪褘泄
hot			adj.	A1	谐芯褉褟褔懈泄
stay			v. A1, n. A2	A1, A2	芯褋褌邪褌褜褋褟
perfect			adj.	A1	懈写械邪谢褜薪褘泄
accept			v.	A2	锌褉懈薪褟褌褜
usual			adj.	A2	芯斜褘褔薪褘泄
captain			n.	B1	泻邪锌懈褌邪薪
suddenly			adv.	A2	胁薪械蟹邪锌薪芯
apply			v.	A2	锌褉懈屑械薪褟褌褜
domestic			adj.	B2	胁薪褍褌褉械薪薪懈泄
tradition			n.	A2	褌褉邪写懈褑懈褟
frequency			n.	B2	褔邪褋褌芯褌邪
horse			n.	A1	谢芯褕邪写褜
speed			n. A2, v. B2	A2, B2	褋泻芯褉芯褋褌褜
benefit			n. A2, v. B1	A2, B1	胁褘谐芯写邪
concern			n., v.	B2	斜械褋锌芯泻芯泄褋褌胁芯
wind		1	n.	A2	胁械褌械褉
wind		2	v.	B2	胁械褌械褉
difficulty			n.	B1	褌褉褍写薪芯褋褌褜
birth			n.	A2	褉芯卸写械薪懈械
passage			n.	B2	锌褉芯褏芯写
ought			modal v.	B1	写芯谢卸械薪
transfer			v., n.	B2	褌褉邪薪褋褎械褉
regular			adj.	A2	褉械谐褍谢褟褉薪褘泄
error			n.	A2	芯褕懈斜泻邪
fourth			number	A1	褔械褌胁械褉褌褘泄
maximum			adj., n.	B2	屑邪泻褋懈屑褍屑
conclusion			n.	B1	蟹邪泻谢褞褔械薪懈械
dry			adj., v.	A2	褋褍褏芯泄
sign			n., v.	A2	蟹薪邪泻
lake			n.	A2	芯蟹械褉芯
focus			v., n.	A2	褋芯褋褉械写芯褌芯褔懈褌褜褋褟
bear	(animal)		n.	A2	屑械写胁械写褜
bear	(deal with)		v.	B2	屑械写胁械写褜
institute			n.	B2	懈薪褋褌懈褌褍褌
survey			n. A2, v. B2	A2, B2	芯锌褉芯褋
centre			n. A1, v. B1	A1, B1	褑械薪褌褉
recently			adv.	A2	薪械写邪胁薪芯
examination			n.	B2	芯斜褋谢械写芯胁邪薪懈械
chemical			adj., n.	B1	褏懈屑懈褔械褋泻懈泄
whereas			conj.	B2	褌芯谐写邪 泻邪泻
suppose			v.	A2	锌褉械写锌芯谢芯卸懈屑
ill			adj.	A2	斜芯谢械薪
nevertheless			adv.	B2	褌械屑 薪械 屑械薪械械
hardly			adv.	B1	胁褉褟写 谢懈
everyone			pron.	A1	胁褋械
queen			n.	A2	泻芯褉芯谢械胁邪
urban			adj.	B2	谐芯褉芯写褋泻芯泄
exactly			adv.	A2	褌芯褔薪芯
possibility			n.	A2	胁芯蟹屑芯卸薪芯褋褌褜
rock	(music)		n.	A2	褉芯泻
rock	(stone)		n.	A2	褉芯泻
represent			v.	B1	锌褉械写褋褌邪胁谢褟褌褜
bottom			n., adj.	A2	写薪芯
largely			adv.	B2	胁 芯褋薪芯胁薪芯屑
apparently			adv.	B2	胁懈写懈屑芯
maintain			v.	B2	锌芯写写械褉卸懈胁邪褌褜
coast			n.	A2	锌芯斜械褉械卸褜械
attitude			n.	B1	芯褌薪芯褕械薪懈械
van			n.	A2	褎褍褉谐芯薪
station			n.	A1	褋褌邪薪褑懈褟
equally			adv.	B1	锌芯褉芯胁薪褍
opposite			adj., adv., prep., n.	A1	薪邪锌褉芯褌懈胁
prince			n.	B1	锌褉懈薪褑
evil			adj., n.	B2	蟹谢芯
plate			n.	A2	褌邪褉械谢泻邪
gain			v., n.	B2	胁褘谐芯写邪
comparison			n.	B1	褋褉邪胁薪械薪懈械
edition			n.	B2	懈蟹写邪薪懈械
bit			n.	A2	薪械屑薪芯谐芯
spread			v. B1, n. B2	B1, B2	褉邪褋锌褉芯褋褌褉邪薪械薪懈械
immediate			adj.	B1	薪械屑械写谢械薪薪褘泄
path			n.	B1	锌褍褌褜
message			n.	A1	褋芯芯斜褖械薪懈械
net			n.	B1	褋械褌褜
check			v. A1, n. A2	A1, A2	锌褉芯胁械褉懈褌褜
connected			adj.	A2	锌芯写泻谢褞褔械薪
pure			adj.	B2	褔懈褋褌褘泄
break			v., n.	A1	褋谢芯屑邪褌褜
environmental			adj.	B1	褝泻芯谢芯谐懈褔械褋泻懈泄
send			v.	A1	芯褌锌褉邪胁懈褌褜
suggest			v.	A2	锌褉械写谢芯卸懈褌褜
secondary			adj.	B1	胁褌芯褉懈褔薪褘泄
reader			n.	A1	褔懈褌邪褌械谢褜
sight			n.	B1	胁蟹谐谢褟写
anyone			pron.	A1	泻褌芯-薪懈斜褍写褜
media			n.	A2	小袦袠
belief			n.	B1	胁械褉邪
concentration			n.	B2	泻芯薪褑械薪褌褉邪褑懈褟
dear			adj. A1, exclam. A2	A1, A2	写芯褉芯谐芯泄
opening			n.	B2	芯褌泻褉褘褌懈械
indicate			v.	B1	褍泻邪蟹邪褌褜
nine			number	A1	写械胁褟褌褜
generation			n.	B1	锌芯泻芯谢械薪懈械
team			n.	A1	泻芯屑邪薪写邪
farm			n. A1, v.A2	A1, A2	褎械褉屑邪
save			v.	A2	褋芯褏褉邪薪懈褌褜
forest			n.	A2	谢械褋
doctor			n.	A1	胁褉邪褔
advanced			adj.	B1	锌褉芯写胁懈薪褍褌褘泄
occasion			n.	B1	锌芯胁芯写
interested			adj.	A1	蟹邪懈薪褌械褉械褋芯胁邪薪薪褘泄
danger			n.	A2	芯锌邪褋薪芯褋褌褜
broad			adj.	B2	褕懈褉芯泻懈泄
insurance			n.	B2	褋褌褉邪褏芯胁邪薪懈械
broken			adj.	A2	褋谢芯屑邪薪薪褘泄
identity			n.	B1	谢懈褔薪芯褋褌褜
pleasure			n.	B1	褍写芯胁芯谢褜褋褌胁懈械
agent			n.	B1	邪谐械薪褌
yourself			pron.	A1	褋械斜褟
aware			adj.	B1	芯褋芯蟹薪邪胁邪褌褜
medium			adj. B1, n. B2	B1, B2	褋褉械写薪懈泄
youth			n.	B1	屑芯谢芯写械卸褜
director			n.	A2	写懈褉械泻褌芯褉
safety			n.	B1	斜械蟹芯锌邪褋薪芯褋褌褜
arm			n.	A1	褉褍泻邪
writer			n.	A1	锌懈褋邪褌械谢褜
alternative			n. A2, adj. B1	A2, B1	邪谢褜褌械褉薪邪褌懈胁邪
sleep			v. A1, n. A2	A1, A2	褋锌邪褌褜
struggle			v., n.	B2	斜芯褉褜斜邪
obvious			adj.	B1	芯褔械胁懈写薪褘泄
fresh			adj.	A2	褋胁械卸懈泄
fit			v., adj.	A2	锌芯写褏芯写懈褌
drug			n.	A2	薪邪褉泻芯褌懈泻
sum			n., v.	B2	褋褍屑屑邪
drive			v. A1, n. A2	A1, A2	械蟹写懈褌褜
finding			n.	B2	薪邪褏芯卸写械薪懈械
previously			adv.	B1	褉邪薪械械
carefully			adv.	A2	褌褖邪褌械谢褜薪芯
selection			n.	B2	胁褘斜芯褉
expect			v.	A2	芯卸懈写邪褌褜
leader			n.	A2	谢懈写械褉
parliament			n.	B2	锌邪褉谢邪屑械薪褌
park			n., v.	A1	锌邪褉泻
trouble			n. A2, v. B2	A2, B2	锌褉芯斜谢械屑邪
slowly			adv.	A2	屑械写谢械薪薪芯
valley			n.	A2	写芯谢懈薪邪
fast			adj., adv.	A1	斜褘褋褌褉芯
typical			adj.	A2	褌懈锌懈褔薪褘泄
rural			adj.	B2	褋械谢褜褋泻懈泄
election			n.	B1	胁褘斜芯褉褘
closely			adv.	B2	胁薪懈屑邪褌械谢褜薪芯
estate			n.	B2	锌芯屑械褋褌褜械
characteristic			n., adj.	B2	褏邪褉邪泻褌械褉懈褋褌懈泻邪
formal			adj.	A2	褎芯褉屑邪谢褜薪褘泄
metal			n.	A2	屑械褌邪谢谢
pointed			adj.	B2	蟹邪芯褋褌褉械薪薪褘泄
guide			n., v.	A2	谐懈写
steel			n.	B2	褋褌邪谢褜
express			v.	A2	胁褘褉邪卸邪褌褜
agency			n.	B2	邪谐械薪褌褋褌胁芯
wild			adj.	A2	写懈泻懈泄
vision			n.	B2	胁懈写械薪懈械
opposition			n.	B2	芯锌锌芯蟹懈褑懈褟
slightly			adv.	B1	褋谢械谐泻邪
secret			adj., n.	A2	褋械泻褉械褌
silver			n., adj.	A2	褋械褉械斜褉芯
straight			adv., adj.	A2	锌褉褟屑芯泄
choose			v.	A1	胁褘斜懈褉邪褌褜
fundamental			adj.	B2	褎褍薪写邪屑械薪褌邪谢褜薪褘泄
beauty			n.	B1	泻褉邪褋芯褌邪
location			n.	B1	屑械褋褌芯锌芯谢芯卸械薪懈械
sister			n.	A1	褋械褋褌褉邪
heaven			n.	B2	薪械斜械褋邪
grand			adj.	B2	谐褉邪薪写懈芯蟹薪褘泄
apart			adv.	B1	芯褌写械谢褜薪芯
detail			n. A1, v. B2	A1, B2	写械褌邪谢褜
contain			v.	A2	褋芯写械褉卸邪褌褜
assume			v.	B2	锌褉械写锌芯谢芯卸懈褌褜
prove			v.	B1	写芯泻邪蟹邪褌褜
fight			v., n.	A2	褋褉邪卸邪褌褜褋褟
edge			n.	B1	泻褉邪泄
career			n.	A1	泻邪褉褜械褉邪
strategy			n.	A2	褋褌褉邪褌械谐懈褟
creation			n.	B2	褋芯蟹写邪薪懈械
severe			adj.	B2	褋褍褉芯胁褘泄
background			n.	A2	褎芯薪
walk			v., n.	A1	褏芯写懈褌褜
describe			v.	A1	芯锌懈褋邪褌褜
bar			n. A2, v. B2	A2, B2	斜邪褉
fifty			number	A1	锌褟褌褜写械褋褟褌
mountain			n.	A1	谐芯褉邪
establish			v.	B2	褍褋褌邪薪芯胁懈褌褜
garden			n.	A1	褋邪写
grant			v., n.	B2	锌褉械写芯褋褌邪胁懈褌褜
violence			n.	B2	薪邪褋懈谢懈械
quantity			n.	A2	泻芯谢懈褔械褋褌胁芯
camp			n., v.	A2	谢邪谐械褉褜
strange			adj.	A2	褋褌褉邪薪薪褘泄
famous			adj.	A1	蟹薪邪屑械薪懈褌褘泄
extremely			adv.	A2	褔褉械蟹胁褘褔邪泄薪芯
poetry			n.	B1	锌芯褝蟹懈褟
apparent			adj.	B2	芯褔械胁懈写薪褘泄
rapidly			adv.	B2	斜褘褋褌褉芯
excellent			adj.	A2	芯褌谢懈褔薪芯
brief			adj.	B2	泻褉邪褌泻懈泄
solid			adj., n.	B1	褌胁械褉写褘泄
reduce			v.	A2	褍屑械薪褜褕懈褌褜
false			adj.	A1	谢芯卸薪褘泄
absolute			adj.	B2	邪斜褋芯谢褞褌薪褘泄
mission			n.	B2	屑懈褋褋懈褟
drawing			n.	A2	褉懈褋褍薪芯泻
leadership			n.	B2	谢懈写械褉褋褌胁芯
ourselves			pron.	A2	屑褘 褋邪屑懈
intelligence			n.	B1	懈薪褌械谢谢械泻褌
advance			n., v., adj.	B2	蟹邪褉邪薪械械
technique			n.	B1	褌械褏薪懈泻邪
executive			n., adj.	B2	懈褋锌芯谢薪懈褌械谢褜薪褘泄
relief			n.	B2	芯斜谢械谐褔械薪懈械
possibly			adv.	B1	胁芯蟹屑芯卸薪芯
confidence			n.	B2	褍胁械褉械薪薪芯褋褌褜
reduction			n.	B2	褋芯泻褉邪褖械薪懈械
appeal			n., v.	B2	邪锌械谢谢褟褑懈褟
draw			v.	A1	褉懈褋芯胁邪褌褜
regional			adj.	B2	褉械谐懈芯薪邪谢褜薪褘泄
minimum			adj., n.	B2	屑懈薪懈屑褍屑
assessment			n.	B2	芯褑械薪泻邪
multiple			adj.	B2	屑薪芯卸械褋褌胁械薪薪褘泄
familiar			adj.	B1	蟹薪邪泻芯屑褘泄
seek			v.	B2	懈褋泻邪褌褜
combination			n.	B2	泻芯屑斜懈薪邪褑懈褟
capable			adj.	B2	褋锌芯褋芯斜薪褘泄
organized			adj.	B1	芯褉谐邪薪懈蟹芯胁邪薪薪褘泄
explanation			n.	A2	芯斜褗褟褋薪械薪懈械
sale			n.	A2	锌褉芯写邪卸邪
twelve			number	A1	写胁械薪邪写褑邪褌褜
forty			number	A1	褋芯褉芯泻
contemporary			adj.	B2	褋芯胁褉械屑械薪薪褘泄
wealth			n.	B2	斜芯谐邪褌褋褌胁芯
necessarily			adv.	B1	芯斜褟蟹邪褌械谢褜薪芯
please			exclam. A1, v. A2	A1, A2	锌芯卸邪谢褍泄褋褌邪
medicine			n.	A2	屑械写懈褑懈薪邪
build			v.	A1	褋褌褉芯懈褌褜
ideal			adj. A2, n. B2	A2, B2	懈写械邪谢褜薪褘泄
wave			n. A2, v. B1	A2, B1	胁芯谢薪邪
mine	(belongs to me)		pron.	A2	屑芯泄
mine	(hole in the ground)		n.	B1	屑芯泄
reasonable			adj.	B2	褉邪蟹褍屑薪褘泄
objective			n., adj.	B2	褑械谢褜
located			adj.	B1	褉邪褋锌芯谢芯卸械薪
height			n.	A2	胁褘褋芯褌邪
fellow			adj.	B2	锌邪褉械薪褜
version			n.	B1	胁械褉褋懈褟
rapid			adj.	B2	斜褘褋褌褉褘泄
crime			n.	A2	锌褉械褋褌褍锌谢械薪懈械
lie		1	v.	A1	谢芯卸褜
lie	(tell a lie)	2	v., n.	B1	谢芯卸褜
eventually			adv.	B1	胁 泻芯薪褑械 泻芯薪褑芯胁
inner			adj.	B2	胁薪褍褌褉械薪薪懈泄
competition			n.	A2	泻芯薪泻褍褉械薪褑懈褟
psychology			n.	B2	锌褋懈褏芯谢芯谐懈褟
therapy			n.	B2	褌械褉邪锌懈褟
soft			adj.	A2	屑褟谐泻懈泄
signal			n., v.	B1	褋懈谐薪邪谢
limit			n., v.	B1	锌褉械写械谢
goal			n.	A2	褑械谢褜
grow			v.	A1	褉邪褋褌懈
payment			n.	B1	芯锌谢邪褌邪
engaged			adj.	B1	锌芯屑芯谢胁谢械薪
minute		1	n.	A1	屑懈薪褍褌邪
copy			n., v.	A2	泻芯锌懈褉芯胁邪褌褜
affect			v.	A2	胁谢懈褟褌褜
campaign			n., v.	B1	泻邪屑锌邪薪懈褟
plane			n.	A1	褋邪屑芯谢械褌
sector			n.	B2	褋械泻褌芯褉
slow			adj. A1, v. B1	A1, B1	屑械写谢械薪薪褘泄
sentence			n. A1, v. B2	A1, B2	锌褉械写谢芯卸械薪懈械
column			n.	A2	褋褌芯谢斜械褑
novel			n.	A2	褉芯屑邪薪
substance			n.	B1	胁械褖械褋褌胁芯
consequence			n.	B1	褋谢械写褋褌胁懈械
adult			n. A1, adj. A2	A1, A2	胁蟹褉芯褋谢褘泄
experiment			n. A2, v. B1	A2, B1	褝泻褋锌械褉懈屑械薪褌
approximately			adv.	B1	锌褉懈屑械褉薪芯
block			n., v.	B1	斜谢芯泻懈褉芯胁邪褌褜
store			n. A2, v. B1	A2, B1	屑邪谐邪蟹懈薪
layer			n.	B1	褋谢芯泄
yellow			adj., n.	A1	卸械谢褌褘泄
season			n.	A2	褋械蟹芯薪
personality			n.	A2	谢懈褔薪芯褋褌褜
plain			adj.	B2	褉邪胁薪懈薪邪
maybe			adv.	A1	屑芯卸械褌 斜褘褌褜
permanent			adj.	B2	锌芯褋褌芯褟薪薪褘泄
mainly			adv.	B1	谐谢邪胁薪褘屑 芯斜褉邪蟹芯屑
museum			n.	A1	屑褍蟹械泄
buy			v.	A1	泻褍锌懈褌褜
narrow			adj. A2, v. B2	A2, B2	褍蟹泻懈泄
cast			n., v.	B2	邪泻褌械褉褋泻懈泄 褋芯褋褌邪胁
watch			v., n.	A1	褋屑芯褌褉械褌褜
crisis			n.	B2	泻褉懈蟹懈褋
tend			v.	B1	褋泻谢芯薪褟褌褜褋褟
feature			n. A2, v. B1	A2, B1	芯褋芯斜械薪薪芯褋褌褜
scheme			n.	B2	褋褏械屑邪
count			v. A2, n. B1	A2, B1	褋褔懈褌邪褌褜
cash			n.	A2	薪邪谢懈褔薪褘械
profit			n.	B1	锌褉懈斜褘谢褜
possession			n.	A2	胁谢邪写械薪懈械
perspective			n.	B2	锌械褉褋锌械泻褌懈胁邪
safe			adj.	A2	斜械蟹芯锌邪褋薪褘泄
naturally			adv.	B1	械褋褌械褋褌胁械薪薪芯
touch			v. A2, n. B1	A2, B1	泻芯褋薪褍褌褜褋褟
aspect			n.	B2	邪褋锌械泻褌
branch			n.	B1	褎懈谢懈邪谢
institution			n.	B2	褍褔褉械卸写械薪懈械
milk			n.	A1	屑芯谢芯泻芯
unable			adj.	B1	薪械褋锌芯褋芯斜械薪
shot			n.	B2	胁褘褋褌褉械谢
audience			n.	A2	邪褍写懈褌芯褉懈褟
proof			n.	B2	写芯泻邪蟹邪褌械谢褜褋褌胁芯
extreme			adj. A2, n. B2	A2, B2	泻褉邪泄薪懈泄
pretty			adj., adv.	A1	泻褉邪褋懈胁邪褟
bone			n.	A2	泻芯褋褌褜
agree			v.	A1	褋芯谐谢邪褋械薪
transport			n. A2, v. B1	A2, B1	褌褉邪薪褋锌芯褉褌
salt			n.	A1	褋芯谢褜
circle			n., v.	A2	泻褉褍谐
warm			adj. A1, v. B1	A1, B1	褌械锌谢褘泄
relevant			adj.	B2	邪泻褌褍邪谢褜薪褘泄
damage			n., v.	B1	褍褖械褉斜
hearing			n.	B2	褋谢褍褕邪薪懈械
gradually			adv.	B2	锌芯褋褌械锌械薪薪芯
publication			n.	B2	锌褍斜谢懈泻邪褑懈褟
observation			n.	B2	薪邪斜谢褞写械薪懈械
repeated			adj.	B1	锌芯胁褌芯褉械薪薪褘泄
radio			n.	A1	褉邪写懈芯
wait			v. A1, n. A2	A1, A2	锌芯写芯卸写懈
summary			n.	B1	褉械蟹褞屑械
vast			adj.	B2	芯谐褉芯屑薪褘泄
emphasis			n.	B2	邪泻褑械薪褌
train			n. A1, v. A2	A1, A2	锌芯械蟹写
baby			n.	A1	写械褌泻邪
partly			adv.	B2	褔邪褋褌懈褔薪芯
detailed			adj.	B2	锌芯写褉芯斜薪褘泄
minor			adj.	B2	薪械褋芯胁械褉褕械薪薪芯谢械褌薪懈泄
ice			n.	A1	谢械写
thin			adj.	A2	褌芯薪泻懈泄
travel			v., n.	A1	锌褍褌械褕械褋褌胁芯胁邪褌褜
motor			n., adj.	B2	屑芯褌芯褉
improvement			n.	B1	褍谢褍褔褕械薪懈械
unknown			adj.	B2	薪械懈蟹胁械褋褌薪芯
eat			v.	A1	械褋褌褜
depth			n.	B2	谐谢褍斜懈薪邪
poet			n.	B1	锌芯褝褌
escape			v., n.	B1	锌芯斜械谐
client			n.	B1	泻谢懈械薪褌
experienced			adj.	B1	芯锌褘褌薪褘泄
sequence			n.	B2	锌芯褋谢械写芯胁邪褌械谢褜薪芯褋褌褜
valuable			adj.	B1	褑械薪薪褘泄
nuclear			adj.	B1	褟写械褉薪褘泄
port			n.	B1	锌芯褉褌
user			n.	A2	锌芯谢褜蟹芯胁邪褌械谢褜
willing			adj.	B2	卸械谢邪褞褖懈泄
percentage			n.	B1	锌褉芯褑械薪褌
strongly			adv.	B1	褋懈谢褜薪芯
document			n. A2, v. B2	A2, B2	写芯泻褍屑械薪褌
band			n.	A1	谐褉褍锌锌邪
conversation			n.	A1	褉邪蟹谐芯胁芯褉
advice			n.	A1	褋芯胁械褌
overall			adj., adv.	B2	胁 褑械谢芯屑
secure			v., adj.	B2	斜械蟹芯锌邪褋薪褘泄
cancer			n.	B2	褉邪泻
instrument			n.	A2	懈薪褋褌褉褍屑械薪褌
request			n. A2, v. B1	A2, B1	蟹邪锌褉芯褋
mixed			adj.	B2	褋屑械褕邪薪薪褘泄
sit			v.	A1	褋懈写械褌褜
afterwards			adv.	B2	锌芯褌芯屑
perform			v.	A2	胁褘锌芯谢薪褟褌褜
academic			adj.B1, n. B2	B1, B2	邪泻邪写械屑懈褔械褋泻懈泄
preparation			n.	B2	锌芯写谐芯褌芯胁泻邪
cycle			n., v.	A2	褑懈泻谢
global			adj.	B1	谐谢芯斜邪谢褜薪褘泄
widely			adv.	B2	褕懈褉芯泻芯
instruction			n.	A2	懈薪褋褌褉褍泻褑懈褟
manager			n.	A2	屑械薪械写卸械褉
commonly			adv.	B2	芯斜褘褔薪芯
purchase			n., v.	B2	锌芯泻褍锌泻邪
investigation			n.	B2	褉邪褋褋谢械写芯胁邪薪懈械
dog			n.	A1	褋芯斜邪泻邪
bridge			n.	A2	屑芯褋褌
properly			adv.	B1	写芯谢卸薪褘屑 芯斜褉邪蟹芯屑
component			n.	B2	泻芯屑锌芯薪械薪褌
select			v.	B2	胁褘斜褉邪褌褜
obviously			adv.	B1	芯褔械胁懈写薪芯
curve			n., v.	B2	泻褉懈胁邪褟
criticism			n.	B2	泻褉懈褌懈泻邪
map			n. A1, v. B2	A1, B2	泻邪褉褌邪
careful			adj.	A2	芯褋褌芯褉芯卸薪褘泄
criminal			n. A2, adj. B1	A2, B1	锌褉械褋褌褍锌薪懈泻
electric			adj.	A2	褝谢械泻褌褉懈褔械褋泻懈泄
angle			n.	B2	褍谐芯谢
weak			adj.	A2	褋谢邪斜褘泄
load			n., v.	B2	薪邪谐褉褍蟹泻邪
debt			n.	B2	写芯谢谐
club			n.	A1	泻谢褍斜
protect			v.	A2	蟹邪褖懈褖邪褌褜
plus		1	prep. B1, adj., conj., n. B2	B1, B2	锌谢褞褋
identify			v.	A2	懈写械薪褌懈褎懈褑懈褉芯胁邪褌褜
corner			n.	A2	褍谐芯谢
engineering			n.	B1	懈薪卸械薪械褉懈褟
dream			n., v.	A2	屑械褔褌邪褌褜
vote			n., v.	B1	谐芯谢芯褋芯胁邪褌褜
fairly			adv.	B1	写芯胁芯谢褜薪芯
web			n.	A2	褋械褌褜
fund			n., v.	B2	褎芯薪写
tone			n.	B2	褌芯薪
entry			n.	B1	蟹邪锌懈褋褜
happen			v.	A1	褋谢褍褔懈褌褜褋褟
emotional			adj.	B2	褝屑芯褑懈芯薪邪谢褜薪褘泄
frame			n., v.	B1	褉邪屑泻邪
dangerous			adj.	A1	芯锌邪褋薪褘泄
achieve			v.	A2	写芯褋褌懈褔褜
representative			n., adj.	B2	锌褉械写褋褌邪胁懈褌械谢褜
sugar			n.	A1	褋邪褏邪褉
song			n.	A1	锌械褋薪褟
similarly			adv.	B1	邪薪邪谢芯谐懈褔薪芯
discuss			v.	A1	芯斜褋褍写懈褌褜
bright			adj.	A2	褟褉泻懈泄
flat			n. A1, adj. A2	A1, A2	泻胁邪褉褌懈褉邪
coal			n.	B1	褍谐芯谢褜
liquid			n., adj.	B1	卸懈写泻芯褋褌褜
muscle			n.	B1	屑褘褕褑邪
mention			v. A2, n. B1	A2, B1	褍锌芯屑褟薪褍褌褜
owner			n.	A2	胁谢邪写械谢械褑
truly			adv.	B2	写械泄褋褌胁懈褌械谢褜薪芯
couple			n.	A2	锌邪褉邪
editor			n.	B1	褉械写邪泻褌芯褉
continuous			adj.	B1	薪械锌褉械褉褘胁薪褘泄
spot			n. B1, v. B2	B1, B2	锌褟褌薪芯
unique			adj.	B2	褍薪懈泻邪谢褜薪褘泄
release			v., n.	B1	胁褘锌褍褋泻
interview			n., v.	A1	懈薪褌械褉胁褜褞
stream			n.	B2	锌芯褌芯泻
suitable			adj.	B1	锌芯写褏芯写褟褖懈泄
rare			adj.	B1	褉械写泻懈泄
improve			v.	A1	褍谢褍褔褕懈褌褜
boat			n.	A1	谢芯写泻邪
notion			n.	B2	锌芯薪褟褌懈械
television			n.	A1	褌械谢械胁懈写械薪懈械
chair			n. A1, v. B2	A1, B2	褋褌褍谢
weather			n.	A1	锌芯谐芯写邪
remove			v.	A2	褍写邪谢懈褌褜
hotel			n.	A1	芯褌械谢褜
lose			v.	A1	锌褉芯懈谐褉邪褌褜
thick			adj.	A2	褌芯谢褋褌褘泄
tube			n.	B1	褌褉褍斜泻邪
display			v., n.	B2	写懈褋锌谢械泄
opposed			adj.	B2	锌褉芯褌懈胁
permission			n.	A2	褉邪蟹褉械褕械薪懈械
seat			n. A2, v. B2	A2, B2	褋懈写械薪褜械
prayer			n.	B1	屑芯谢懈褌胁邪
refer			v.	A2	芯斜褉邪褌懈褌褜褋褟
promise			v., n.	A2	芯斜械褖邪薪懈械
visual			adj.	B2	胁懈蟹褍邪谢褜薪褘泄
fifth			number	A1	锌褟褌褘泄
fruit			n.	A1	褎褉褍泻褌褘
dinner			n.	A1	褍卸懈薪
elsewhere			adv.	B2	胁 写褉褍谐芯屑 屑械褋褌械
root			n.	B2	泻芯褉械薪褜
journey			n.	A1	锌褍褌械褕械褋褌胁懈械
silence			n.	B2	褌懈褕懈薪邪
raise			v.	A2	锌芯写薪褟褌褜
quiet			adj.	A1	褌懈褏懈泄
twice			adv.	A1	写胁邪卸写褘
star			n. A1, v. A2	A1, A2	蟹胁械蟹写邪
ring		1	n.	A2	泻芯谢褜褑芯
ring		2	v. A2, n. B1	A2, B1	泻芯谢褜褑芯
taste			n., v.	A2	胁泻褍褋
occasionally			adv.	B2	懈薪芯谐写邪
housing			n.	B2	卸懈谢褜械
parent			n.	A1	褉芯写懈褌械谢褜
regulation			n.	B2	褉械谐褍谢懈褉芯胁邪薪懈械
join			v.	A1	锌褉懈褋芯械写懈薪懈褌褜褋褟
ball			n.	A1	屑褟褔
worse			adj. A2, adv. B1, n. B2	A2, B1, B2	褏褍卸械
chain			n. B1, v. B2	B1, B2	褑械锌褜
injury			n.	A2	褌褉邪胁屑邪
target			n. A2, v. B2	A2, B2	褑械谢褜
sell			v.	A1	锌褉芯写邪褌褜
neck			n.	A2	褕械褟
zone			n.	B2	蟹芯薪邪
arrangement			n.	A2	褉邪褋锌芯谢芯卸械薪懈械
clean			adj., v.	A1	褔懈褋褌褘泄
recognize			v.	A2	锌褉懈蟹薪邪褌褜
drop			v. A2, n. B1	A2, B1	锌邪写械薪懈械
pair			n.	A1	锌邪褉邪
quarter			n.	A1	泻胁邪褉褌邪谢
sharp			adj.	B1	芯褋褌褉褘泄
poem			n.	B1	褋褌懈褏芯褌胁芯褉械薪懈械
afternoon			n.	A1	锌芯谢写械薪褜
contribution			n.	B2	胁泻谢邪写
ad			n.	B1	褉械泻谢邪屑邪
wonder			v., n.	B1	褍写懈胁谢褟褌褜褋褟
consistent			adj.	B2	锌芯褋谢械写芯胁邪褌械谢褜薪褘泄
challenge			n. B1, v. B2	B1, B2	胁褘蟹芯胁
shift			n. B1, v. B2	B1, B2	褋写胁懈谐
zero			number	A2	薪芯谢褜
item			n.	A2	锌褉械写屑械褌
laboratory			n.	B1	谢邪斜芯褉邪褌芯褉懈褟
atmosphere			n.	B1	邪褌屑芯褋褎械褉邪
waste			n., v., adj.	B1	芯褌褏芯写褘
session			n.	B2	褋械褋褋懈褟
fat			adj. A1, n.A2	A1, A2	褌芯谢褋褌褘泄
fashion			n.	A2	屑芯写邪
ahead			adv.	B1	胁锌械褉械写懈
sky			n.	A2	薪械斜芯
originally			adv.	B1	懈蟹薪邪褔邪谢褜薪芯
prime			adj.	B2	锌褉械屑褜械褉
fighting			n.	B1	斜芯褉褜斜邪
wise			adj.	B2	屑褍写褉褘泄
device			n.	A2	褍褋褌褉芯泄褋褌胁芯
poverty			n.	B1	斜械写薪芯褋褌褜
wine			n.	A1	胁懈薪芯
household			n.	B2	写芯屑邪褕薪械械 褏芯蟹褟泄褋褌胁芯
transition			n.	B2	锌械褉械褏芯写
behaviour			n.	A2	锌芯胁械写械薪懈械
software			n.	B1	锌褉芯谐褉邪屑屑薪芯械 芯斜械褋锌械褔械薪懈械
grade			n. B1, v. B2	B1, B2	泻谢邪褋褋
channel			n.	B1	泻邪薪邪谢
mail			n., v.	A2	锌芯褔褌邪
core			n., adj.	B2	褟写褉芯
discovery			n.	A2	芯褌泻褉褘褌懈械
perfectly			adv.	B1	懈写械邪谢褜薪芯
cotton			n.	B1	褏谢芯锌芯泻
joy			n.	B2	褉邪写芯褋褌褜
sand			n.	B1	锌械褋芯泻
sweet			adj., n.	A2	褋谢邪写泻懈泄
victory			n.	B2	锌芯斜械写邪
drink			n., v.	A1	锌懈褌褜
decide			v.	A1	褉械褕懈褌褜
ensure			v.	B2	芯斜械褋锌械褔懈褌褜
whenever			conj.	B1	胁褋褟泻懈泄 褉邪蟹, 泻芯谐写邪
increasingly			adv.	B2	胁褋械 斜芯谢褜褕械
impression			n.	B1	胁锌械褔邪褌谢械薪懈械
colour			n.	A1	褑胁械褌
corporate			adj.	B2	泻芯褉锌芯褉邪褌懈胁薪褘泄
fifteen			number	A1	锌褟褌薪邪写褑邪褌褜
rain			n., v.	A1	写芯卸写褜
extra			adj. A1, n., adv. B1	A1, B1	写芯锌芯谢薪懈褌械谢褜薪褘泄
noise			n.	A2	褕褍屑
afraid			adj.	A1	斜芯褞褋褜
translation			n.	B1	锌械褉械胁芯写
imagine			v.	A1	锌褉械写褋褌邪胁褜褌械 褋械斜械
guard			n., v.	B1	芯褏褉邪薪薪懈泻
estimate			v., n.	B2	芯褑械薪泻邪
classical			adj.	A2	泻谢邪褋褋懈褔械褋泻懈泄
onto			prep.	A2	薪邪
surely			adv.	B1	泻芯薪械褔薪芯
unlike			prep.	B1	胁 芯褌谢懈褔懈械 芯褌
quick			adj.	A1	斜褘褋褌褉褘泄
Sunday			n.	A1	胁芯褋泻褉械褋械薪褜械
nerve			n.	B2	薪械褉胁
conscious			adj.	B2	褋芯蟹薪邪褌械谢褜薪褘泄
strike			v., n.	B2	蟹邪斜邪褋褌芯胁泻邪
narrative			n., adj.	B1	锌芯胁械褋褌胁芯胁邪薪懈械
skill			n.	A1	褍屑械薪懈械
ocean			n.	A2	芯泻械邪薪
huge			adj.	A2	芯谐褉芯屑薪褘泄
depend			v.	A2	蟹邪胁懈褋械褌褜
enjoy			v.	A1	薪邪褋谢邪卸写邪褌褜褋褟
examine			v.	B1	懈褋褋谢械写芯胁邪褌褜
expense			n.	B2	褉邪褋褏芯写褘
budget			n.	B2	斜褞写卸械褌
painting			n.	A1	卸懈胁芯锌懈褋褜
furthermore			adv.	B2	泻褉芯屑械 褌芯谐芯
route			n.	A2	屑邪褉褕褉褍褌
empty			adj. A2, v. B1	A2, B1	锌褍褋褌芯泄
thank			v.	A1	褋锌邪褋懈斜芯
category			n.	B1	泻邪褌械谐芯褉懈褟
artist			n.	A1	褏褍写芯卸薪懈泻
measurement			n.	B2	懈蟹屑械褉械薪懈械
constantly			adv.	B2	锌芯褋褌芯褟薪薪芯
mostly			adv.	A2	胁 芯褋薪芯胁薪芯屑
debate			n., v.	B2	写械斜邪褌褘
clothes			n.	A1	芯写械卸写邪
smile			v., n.	A2	褍谢褘斜泻邪
armed			adj.	B2	胁芯芯褉褍卸械薪薪褘泄
snow			n., v.	A1	褋薪械谐
moon			n.	A2	谢褍薪邪
host			n. B1, v. B2	B1, B2	褏芯蟹褟懈薪
inch			n.	B2	写褞泄屑
rank			n., v.	B2	褉邪薪谐
imagination			n.	B2	胁芯芯斜褉邪卸械薪懈械
normally			adv.	A2	芯斜褘褔薪芯
rarely			adv.	B1	褉械写泻芯
decline			v., n.	B2	褋薪懈卸械薪懈械
fail			v.	A2	锌芯褌械褉锌械褌褜 薪械褍写邪褔褍
uniform			n.	A2	褍薪懈褎芯褉屑邪
flight			n.	A1	锌芯谢械褌
engine			n.	A2	写胁懈谐邪褌械谢褜
permit			v., n.	B2	褉邪蟹褉械褕械薪懈械
via			prep.	B2	褔械褉械蟹
telephone			n., v.	A1	褌械谢械褎芯薪
dance			n., v.	A1	褌邪薪褑械胁邪褌褜
deeply			adv.	B2	谐谢褍斜芯泻芯
defence			n.	B2	蟹邪褖懈褌邪
sudden			adj.	B1	胁薪械蟹邪锌薪褘泄
hit			v., n.	A2	褍写邪褉懈褌褜
specifically			adv.	B1	泻芯薪泻褉械褌薪芯
screen			n. A2, v. B2	A2, B2	褝泻褉邪薪
employee			n.	A2	褋芯褌褉褍写薪懈泻
gift			n.	A2	锌芯写邪褉芯泻
traffic			n.	A1	褌褉邪褎懈泻
bond			n.	B2	芯斜谢懈谐邪褑懈褟
league			n.	B2	谢懈谐邪
theatre			n.	A1	褌械邪褌褉
sheet			n.	A2	谢懈褋褌
intention			n.	B1	薪邪屑械褉械薪懈械
happiness			n.	B1	褋褔邪褋褌褜械
fill			v.	A1	蟹邪锌芯谢薪懈褌褜
efficient			adj.	B2	褝褎褎械泻褌懈胁薪褘泄
satisfied			adj.	B2	褍写芯胁谢械褌胁芯褉械薪
forget			v.	A1	蟹邪斜褘褌褜
dress			n., v.	A1	锌谢邪褌褜械
discipline			n.	B2	写懈褋褑懈锌谢懈薪邪
teach			v.	A1	褍褔懈褌褜
spend			v.	A1	褌褉邪褌懈褌褜
infection			n.	B2	懈薪褎械泻褑懈褟
witness			n., v.	B2	褋胁懈写械褌械谢褜
phone			n., v.	A1	褌械谢械褎芯薪
prison			n.	A2	褌褞褉褜屑邪
aim			v., n.	B1	褑械谢褜
significantly			adv.	B2	蟹薪邪褔懈褌械谢褜薪芯
marketing			n.	B1	屑邪褉泻械褌懈薪谐
card			n.	A1	泻邪褉褌邪
bird			n.	A1	锌褌懈褑邪
print			v. A2, n. B2	A2, B2	褉邪褋锌械褔邪褌邪褌褜
slave			n.	B2	褉邪斜
border			n. B1, v. B2	B1, B2	谐褉邪薪懈褑邪
link			n., v.	A2	褋褋褘谢泻邪
newspaper			n.	A1	谐邪蟹械褌邪
stable			adj.	B2	褋褌邪斜懈谢褜薪褘泄
mixture			n.	B1	褋屑械褋褜
slight			adj.	B2	谢械谐泻懈泄
consumer			n.	B1	锌芯褌褉械斜懈褌械谢褜
alcohol			n.	B1	邪谢泻芯谐芯谢褜
compare			v.	A1	褋褉邪胁薪懈胁邪褌褜
sick			adj.	A1	斜芯谢褜薪芯泄
resource			n.	B1	褉械褋褍褉褋
define			v.	B1	芯锌褉械写械谢懈褌褜
finance			n., v.	B2	褎懈薪邪薪褋褘
reflect			v.	B1	芯褌褉邪卸邪褌褜
spoken			adj.	B1	褉邪蟹谐芯胁芯褉薪褘泄
grain			n.	B1	蟹械褉薪芯
universe			n.	B2	胁褋械谢械薪薪邪褟
sensitive			adj.	B2	褔褍胁褋褌胁懈褌械谢褜薪褘泄
suit			n. A2, v. B1	A2, B1	泻芯褋褌褞屑
arise			v.	B2	胁芯蟹薪懈泻邪褌褜
magazine			n.	A1	卸褍褉薪邪谢
observe			v.	B2	薪邪斜谢褞写邪褌褜
wage			n.	B2	蟹邪褉邪斜芯褌薪邪褟 锌谢邪褌邪
exact			adj.	A2	褌芯褔薪褘泄
kill			v.	A2	褍斜懈褌褜
vary			v.	B2	胁邪褉褜懈褉芯胁邪褌褜褋褟
row		1	n.	B1	褋褌褉芯泻邪
accurate			adj.	B2	褌芯褔薪褘泄
tool			n.	A2	懈薪褋褌褉褍屑械薪褌
reply			v., n.	A2	芯褌胁械褌懈褌褜
bread			n.	A1	褏谢械斜
alive			adj.	A2	卸懈胁
theme			n.	B1	褌械屑邪
absolutely			adv.	B1	邪斜褋芯谢褞褌薪芯
listen			v.	A1	褋谢褍褕邪泄
shop			n., v.	A1	屑邪谐邪蟹懈薪
worker			n.	A1	褉邪斜芯褔懈泄
railway			n.	A2	卸械谢械蟹薪邪褟 写芯褉芯谐邪
architecture			n.	A2	邪褉褏懈褌械泻褌褍褉邪
ultimately			adv.	B2	胁 泻芯薪械褔薪芯屑 懈褌芯谐械
vital			adj.	B2	卸懈蟹薪械薪薪芯 胁邪卸薪褘泄
coffee			n.	A1	泻芯褎械
nervous			adj.	A2	薪械褉胁薪褘泄
ear			n.	A1	褍褏芯
reserve			n., v.	B2	褉械蟹械褉胁
breath			n.	B1	写褘褏邪薪懈械
grass			n.	A2	褌褉邪胁邪
silent			adj.	B1	褌懈褏懈泄
arrival			n.	B1	锌褉懈斜褘褌懈械
thanks			exclam., n.	A1	褋锌邪褋懈斜芯
logical			adj.	B2	谢芯谐懈褔薪褘泄
punishment			n.	B1	薪邪泻邪蟹邪薪懈械
trip			n. A1, v. B2	A1, B2	锌芯械蟹写泻邪
climate			n.	A2	泻谢懈屑邪褌
outer			adj.	B2	胁薪械褕薪懈泄
definite			adj.	B1	芯锌褉械写械谢械薪薪褘泄
decrease			v., n.	B2	褍屑械薪褜褕械薪懈械
fuel			n. B1, v. B2	B1, B2	褌芯锌谢懈胁芯
wonderful			adj.	A1	蟹邪屑械褔邪褌械谢褜薪褘泄
threat			n.	B2	褍谐褉芯蟹邪
meat			n.	A1	屑褟褋芯
realize			v.	A2	芯褋芯蟹薪邪胁邪褌褜
cup			n.	A1	褔邪褕泻邪
unfortunately			adv.	A2	泻 褋芯卸邪谢械薪懈褞
typically			adv.	B1	芯斜褘褔薪芯
track			n. A2, v. B2	A2, B2	芯褌褋谢械卸懈胁邪褌褜
favour			n. B1, v. B2	B1, B2	锌芯谢褜蟹褍
illness			n.	A2	斜芯谢械蟹薪褜
delivery			n.	B2	写芯褋褌邪胁泻邪
seriously			adv.	B1	褋械褉褜械蟹薪芯
enable			v.	B2	胁泻谢褞褔懈褌褜
surprise			n., v.	A2	褋褞褉锌褉懈蟹
phenomenon			n.	B2	褟胁谢械薪懈械
temporary			adj.	B2	胁褉械屑械薪薪褘泄
wire			n.	B2	锌褉芯胁芯谢芯泻邪
custom			n.	B1	芯斜褘褔邪泄
bell			n.	B1	泻芯谢芯泻芯谢
prepare			v.	A1	锌芯写谐芯褌芯胁懈褌褜
option			n.	A2	胁邪褉懈邪薪褌
creative			adj.	A2	褌胁芯褉褔械褋泻懈泄
tea			n.	A1	褔邪泄
childhood			n.	B1	写械褌褋褌胁芯
unusual			adj.	A2	薪械芯斜褘褔薪褘泄
rice			n.	A1	褉懈褋
gun			n.	A2	锌懈褋褌芯谢械褌
shoulder			n.	A2	锌谢械褔芯
chairman			n.	B2	锌褉械写褋械写邪褌械谢褜
dramatic			adj.	B2	写褉邪屑邪褌懈褔械褋泻懈泄
effectively			adv.	B1	褝褎褎械泻褌懈胁薪芯
violent			adj.	B1	卸械褋褌芯泻懈泄
belong			v.	A2	锌褉懈薪邪写谢械卸邪褌褜
hell			n.	B2	邪写
programme			n.	A1	锌褉芯谐褉邪屑屑邪
delay			v., n.	B2	蟹邪写械褉卸泻邪
priest			n.	B1	褋胁褟褖械薪薪懈泻
gentleman			n.	B1	写卸械薪褌谢褜屑械薪
partner			n.	A1	锌邪褉褌薪械褉
operate			v.	B2	写械泄褋褌胁芯胁邪褌褜
treat			v.	B1	谢械褔懈褌褜
musical			adj. A2, n. B1	A2, B1	屑褞蟹懈泻谢
diet			n.	A1	写懈械褌邪
phrase			n.	A1	褎褉邪蟹邪
admit			v.	B1	锌褉懈蟹薪邪褌褜
win			v. A1, n. B1	A1, B1	胁褘懈谐褉邪褌褜
entrance			n.	B1	胁褏芯写
abroad			adv.	A2	蟹邪 谐褉邪薪懈褑械泄
everywhere			adv.	A2	胁械蟹写械
mile			n.	A1	屑懈谢褟
wear			v.	A1	薪芯褋懈褌褜
passion			n.	B1	褋褌褉邪褋褌褜
involve			v.	A2	胁芯胁谢械泻邪褌褜
cloth			n.	B1	褌泻邪薪褜
hole			n.	A2	写褘褉邪
palace			n.	A2	写胁芯褉械褑
customer			n.	A1	泻谢懈械薪褌
crowd			n.	A2	褌芯谢锌邪
honour			n., v.	B2	褔械褋褌褜
tongue			n.	B1	褟蟹褘泻
extraordinary			adj.	B2	薪械芯斜褘泻薪芯胁械薪薪褘泄
handle			v., n.	B2	褉褍褔泻邪
glad			adj.	B1	褉邪写
electronic			adj.	A2	褝谢械泻褌褉芯薪薪褘泄
raw			adj.	B2	褋褘褉芯泄
suffer			v.	B1	褋褌褉邪写邪褌褜
senior			adj.	B2	褋褌邪褉褕懈泄
kitchen			n.	A1	泻褍褏薪褟
loan			n.	B2	泻褉械写懈褌
electrical			adj.	A2	褝谢械泻褌褉懈褔械褋泻懈泄
conservative			adj., n.	B2	泻芯薪褋械褉胁邪褌懈胁薪褘泄
pleased			adj.	A2	写芯胁芯谢械薪
surrounding			adj.	B2	芯泻褉褍卸邪褞褖懈泄
nice			adj.	A1	锌褉懈褟褌薪芯
uncle			n.	A1	写褟写褟
extend			v.	B2	褉邪褋褕懈褉褟褌褜
outcome			n.	B2	褉械蟹褍谢褜褌邪褌
seed			n.	B1	褋械屑褟
discover			v.	A2	芯斜薪邪褉褍卸懈褌褜
proposal			n.	B2	锌褉械写谢芯卸械薪懈械
paragraph			n.	A1	邪斜蟹邪褑
convinced			adj.	B2	褍斜械卸写械薪薪褘泄
gate			n.	A2	胁芯褉芯褌邪
incident			n.	B2	懈薪褑懈写械薪褌
chest			n.	B1	谐褉褍写褜
clause			n.	B1	锌褍薪泻褌
smooth			adj.	B1	谐谢邪写泻懈泄
advertising			n.	A2	褉械泻谢邪屑邪
score			v., n.	A2	褋褔械褌
murder			n., v.	B1	褍斜懈泄褋褌胁芯
minority			n.	B2	屑械薪褜褕懈薪褋褌胁芯
presentation			n.	B1	锌褉械蟹械薪褌邪褑懈褟
possess			v.	B2	芯斜谢邪写邪褌褜
feed			v. A2, n. B2	A2, B2	泻芯褉屑懈褌褜
friendly			adj.	A1	写褉褍卸械谢褞斜薪褘泄
export			n., v.	B1	褝泻褋锌芯褉褌
blind			adj.	B2	褋谢械锌芯泄
anger			n.	B2	谐薪械胁
enormous			adj.	A2	芯谐褉芯屑薪褘泄
healthy			adj.	A1	蟹写芯褉芯胁褘泄
essay			n.	A2	褝褋褋械
driving			n.	A2	胁芯卸写械薪懈械
tall			adj.	A1	胁褘褋芯泻懈泄
castle			n.	A2	蟹邪屑芯泻
assistant			n., adj.	A2	锌芯屑芯褖薪懈泻
factory			n.	A2	褎邪斜褉懈泻邪
fortune			n.	B2	褍写邪褔邪
breast			n.	B2	谐褉褍写褜
recall			v.	B2	胁褋锌芯屑薪懈褌褜
fault			n.	B2	胁懈薪邪
achievement			n.	B1	写芯褋褌懈卸械薪懈械
commitment			n.	B2	芯斜褟蟹邪褌械谢褜褋褌胁芯
accident			n.	A2	薪械褋褔邪褋褌薪褘泄 褋谢褍褔邪泄
terrible			adj.	A1	褍卸邪褋薪褘泄
courage			n.	B2	褋屑械谢芯褋褌褜
internet			n.	A1	懈薪褌械褉薪械褌
click			v., n.	B1	褖械谢泻薪褍褌褜
promote			v.	B1	锌褉芯写胁懈谐邪褌褜
profession			n.	B1	锌褉芯褎械褋褋懈褟
rough			adj.	B1	谐褉褍斜褘泄
remote			adj.	B1	褍写邪谢械薪薪褘泄
habit			n.	A2	锌褉懈胁褘褔泻邪
plot			n. B1, v. B2	B1, B2	褋褞卸械褌
schedule			n. A2, v. B2	A2, B2	谐褉邪褎懈泻
sorry			adj., exclam.	A1	懈蟹胁懈薪懈
attend			v.	A2	锌褉懈褋褍褌褋褌胁芯胁邪褌褜
contribute			v.	B2	胁薪械褋褌懈 褋胁芯泄 胁泻谢邪写
reputation			n.	B2	褉械锌褍褌邪褑懈褟
shock			n., v.	B2	褕芯泻
symbol			n.	A2	褋懈屑胁芯谢
dust			n.	B1	锌褘谢褜
catch			v. A2, n. B2	A2, B2	锌芯泄屑邪褌褜
comment			n. A2, v. B1	A2, B1	泻芯屑屑械薪褌邪褉懈泄
fly			v. A1, n. A2	A1, A2	谢械褌邪褌褜
pleasant			adj.	B1	锌褉懈褟褌薪褘泄
string			n.	B1	褋褌褉芯泻邪
speaker			n.	A2	芯褉邪褌芯褉
friendship			n.	B1	写褉褍卸斜邪
comfort			n., v.	B2	泻芯屑褎芯褉褌
surgery			n.	B2	褏懈褉褍褉谐懈褟
printing			n.	B1	锌械褔邪褌褜
cry			v. A2, n. B2	A2, B2	锌谢邪泻邪褌褜
beach			n.	A1	锌谢褟卸
worst			adj. A2, adv. B1, n. B2	A2, B1, B2	褏褍写褕懈泄
afford			v.	B1	锌芯蟹胁芯谢懈褌褜 褋械斜械
encourage			v.	B1	锌芯芯褖褉褟褌褜
successfully			adv.	B1	褍褋锌械褕薪芯
shell			n.	B1	芯斜芯谢芯褔泻邪
decade			n.	B1	写械褋褟褌懈谢械褌懈械
cool			adj. A1, v. B1	A1, B1	泻褉褍褌芯
appointment			n.	B1	薪邪蟹薪邪褔械薪懈械
fiction			n.	A2	褎邪薪褌邪褋褌懈泻邪
complicated			adj.	B2	褋谢芯卸薪褘泄
respond			v.	A2	芯褌胁械褌懈褌褜
steady			adj.	B2	褍褋褌芯泄褔懈胁褘泄
sixty			number	A1	褕械褋褌褜写械褋褟褌
nose			n.	A1	薪芯褋
employer			n.	A2	褉邪斜芯褌芯写邪褌械谢褜
pick			v. A2, n. B2	A2, B2	胁褘斜懈褉邪褌褜
roof			n.	A2	泻褉褘褕邪
surprised			adj.	A2	褍写懈胁谢械薪
guilty			adj.	B1	胁懈薪芯胁械薪
wet			adj.	A2	屑芯泻褉褘泄
wing			n.	B1	泻褉褘谢芯
intense			adj.	B2	懈薪褌械薪褋懈胁薪褘泄
nurse			n.	A1	屑械写褋械褋褌褉邪
throw			v.	A2	斜褉芯褋懈褌褜
rent			n., v.	B1	邪褉械薪写邪
approval			n.	B2	芯写芯斜褉械薪懈械
hurt			v., adj. A2, n. B2	A2, B2	斜芯谢褜薪芯
desert			n. A2, v. B2	A2, B2	锌褍褋褌褘薪褟
drama			n.	A2	写褉邪屑邪
busy			adj.	A1	蟹邪薪褟褌
nobody			pron.	A1	薪懈泻褌芯
totally			adv.	B1	锌芯谢薪芯褋褌褜褞
currently			adv.	B1	胁 薪邪褋褌芯褟褖械械 胁褉械屑褟
servant			n.	B1	褋谢褍谐邪
storm			n.	A2	褕褌芯褉屑
expensive			adj.	A1	写芯褉芯谐芯泄
mistake			n. A1, v. B2	A1, B2	芯褕懈斜泻邪
destroy			v.	A2	褍薪懈褔褌芯卸懈褌褜
soldier			n.	A2	褋芯谢写邪褌
requirement			n.	B2	褌褉械斜芯胁邪薪懈械
match	(contest/correspond)		n.		屑邪褌褔
beat			v. A2, n. B2	A2, B2	斜懈褌褜
leg			n.	A1	薪芯谐邪
crop			n.	B2	褍褉芯卸邪泄
cook			v. A1, n. A2	A1, A2	谐芯褌芯胁懈褌褜
anxious			adj.	B2	褌褉械胁芯卸薪褘泄
emergency			n.	B1	褔褉械蟹胁褘褔邪泄薪邪褟 褋懈褌褍邪褑懈褟
smoke			n., v.	A2	泻褍褉懈褌褜
everybody			pron.	A1	胁褋械
hero			n.	A2	谐械褉芯泄
diagram			n.	B1	写懈邪谐褉邪屑屑邪
argue			v.	A2	褋锌芯褉懈褌褜
loose			adj.	B2	褋胁芯斜芯写薪褘泄
billion			number	A2	屑懈谢谢懈邪褉写
competitive			adj.	B1	泻芯薪泻褍褉械薪褌芯褋锌芯褋芯斜薪褘泄
artificial			adj.	B2	懈褋泻褍褋褋褌胁械薪薪褘泄
guess			v., n.	A1	写芯谐邪写邪泄褋褟
aircraft			n.	B2	褋邪屑芯谢械褌
cat			n.	A1	泻芯褌
honest			adj.	B1	褔械褋褌薪褘泄
organ			n.	B2	芯褉谐邪薪
vehicle			n.	A2	褌褉邪薪褋锌芯褉褌薪芯械 褋褉械写褋褌胁芯
hat			n.	A1	褕谢褟锌邪
shadow			n.	B2	褌械薪褜
helpful			adj.	A2	锌芯谢械蟹薪褘泄
gap			n.	A2	褉邪蟹褉褘胁
heavily			adv.	B1	褋懈谢褜薪芯
register			v., n.	B2	蟹邪褉械谐懈褋褌褉懈褉芯胁邪褌褜褋褟
praise			n., v.	B2	褏胁邪谢懈褌褜
sheep			n.	A1	芯胁褑邪
suggestion			n.	A2	锌褉械写谢芯卸械薪懈械
educated			adj.	B1	芯斜褉邪蟹芯胁邪薪薪褘泄
assist			v.	B1	锌芯屑芯谐邪褌褜
clothing			n.	A2	芯写械卸写邪
meanwhile			adv.	B1	褌械屑 胁褉械屑械薪械屑
angry			adj.	A1	蟹谢芯泄
topic			n.	A1	褌械屑邪
lesson			n.	A1	褍褉芯泻
mount			v.	B2	屑芯薪褌懈褉芯胁邪褌褜
landscape			n.	B2	锌械泄蟹邪卸
trend			n.	B1	褌械薪写械薪褑懈褟
stomach			n.	A2	卸械谢褍写芯泻
shut			v., adj.	A2	蟹邪泻褉褘褌褜
finger			n.	A2	锌邪谢械褑
citizen			n.	B2	谐褉邪卸写邪薪懈薪
expert			n., adj.	A2	褝泻褋锌械褉褌
tower			n.	A2	斜邪褕薪褟
demonstrate			v.	B2	锌褉芯写械屑芯薪褋褌褉懈褉芯胁邪褌褜
pull			v. A2, n. B1	A2, B1	褌褟薪褍褌褜
welcome			exclam., v., adj. A1, n. A2	A1, A2	写芯斜褉芯 锌芯卸邪谢芯胁邪褌褜
obligation			n.	B2	芯斜褟蟹邪褌械谢褜褋褌胁芯
blow			v.	A2	褍写邪褉
acceptable			adj.	B2	锌褉懈械屑谢械屑芯
reveal			v.	B2	褉邪褋泻褉褘褌褜
pipe			n.	B1	褌褉褍斜邪
attractive			adj.	A2	锌褉懈胁谢械泻邪褌械谢褜薪褘泄
aged			adj.	B1	胁 胁芯蟹褉邪褋褌械
ethical			adj.	B2	褝褌懈褔械褋泻懈泄
somewhere			adv., pron.	A2	谐写械-褌芯
dressed			adj.	B1	芯写械褌
crucial			adj.	B2	褉械褕邪褞褖懈泄
fishing			n.	A2	褉褘斜邪谢泻邪
expedition			n.	B1	褝泻褋锌械写懈褑懈褟
pale			adj.	B1	斜谢械写薪褘泄
defeat			v., n.	B2	锌芯褉邪卸械薪懈械
initially			adv.	B2	懈蟹薪邪褔邪谢褜薪芯
grey			adj., n.	A1	褋械褉褘泄
flying			n., adj.	A2	谢械褌邪褞褖懈泄
flower			n.	A1	褑胁械褌芯泻
victim			n.	B1	卸械褉褌胁邪
currency			n.	B1	胁邪谢褞褌邪
lawyer			n.	A2	邪写胁芯泻邪褌
proud			adj.	B1	谐芯褉写褘泄
comfortable			adj.	A2	褍写芯斜薪褘泄
split			v., n.	B2	褉邪褋泻芯谢
sympathy			n.	B2	褋懈屑锌邪褌懈褟
pour			v.	B1	薪邪谢懈褌褜
wooden			adj.	A2	写械褉械胁褟薪薪褘泄
repeat			v. A1, n. B1	A1, B1	锌芯胁褌芯褉褟褌褜
wound			n., v.	B2	褉邪薪邪
recording			n.	A2	蟹邪锌懈褋褜
tiny			adj.	B1	泻褉芯褕械褔薪褘泄
mirror			n.	A2	蟹械褉泻邪谢芯
dollar			n.	A1	写芯谢谢邪褉
chart			n. A1, v. B2	A1, B2	写懈邪谐褉邪屑屑邪
candidate			n.	B1	泻邪薪写懈写邪褌
leaf			n.	B1	谢懈褋褌
coat			n.	A1	锌邪谢褜褌芯
plastic			n., adj.	A2	锌谢邪褋褌懈泻
wheel			n.	A2	泻芯谢械褋芯
orange			n., adj.	A1	芯褉邪薪卸械胁褘泄
preserve			v.	B2	褋芯褏褉邪薪褟褌褜
weakness			n.	B2	褋谢邪斜芯褋褌褜
unemployment			n.	B1	斜械蟹褉邪斜芯褌懈褑邪
warning			n.	B1	锌褉械写褍锌褉械卸写械薪懈械
tail			n.	B1	褏胁芯褋褌
missing			adj.	A2	芯褌褋褍褌褋褌胁褍械褌
tired			adj.	A1	褍褋褌邪谢
departure			n.	B1	芯褌褗械蟹写
draft			n., v.	B2	锌褉芯械泻褌
regularly			adv.	B1	褉械谐褍谢褟褉薪芯
farmer			n.	A1	褎械褉屑械褉
singing			n.	A2	锌械薪懈械
roll			v., n.	B1	褉褍谢芯薪
convenient			adj.	B1	褍写芯斜薪褘泄
dozen			n., det.	B2	写褞卸懈薪邪
meal			n.	A1	械写邪
saving			n.	B2	褝泻芯薪芯屑懈褟
routine			n. A1, adj. B2	A1, B2	褉褍褌懈薪邪
profile			n.	A2	锌褉芯褎懈谢褜
spending			n.	B1	褉邪褋褏芯写褘
harm			n., v.	B2	胁褉械写
pray			v.	B1	屑芯谢懈褌褜褋褟
prefer			v.	A1	锌褉械写锌芯褔懈褌邪褞
sad			adj.	A1	谐褉褍褋褌薪褘泄
pool			n.	A1	斜邪褋褋械泄薪
deny			v.	B2	芯褌褉懈褑邪褌褜
illustration			n.	B2	懈谢谢褞褋褌褉邪褑懈褟
TV			n.	A1	孝袙
ah			exclam.	A2	邪褏
brilliant			adj.	A2	斜谢械褋褌褟褖懈泄
fun			n. A1, adj. A2	A1, A2	胁械褋械谢褜械
tale			n.	B2	褋泻邪蟹泻邪
manage			v.	A2	褍锌褉邪胁谢褟褌褜
conclude			v.	B1	蟹邪泻谢褞褔邪褌褜
solve			v.	A2	褉械褕懈褌褜
fee			n.	B2	锌谢邪褌邪
physics			n.	A2	褎懈蟹懈泻邪
surprising			adj.	A2	褍写懈胁懈褌械谢褜薪芯
panel			n.	B2	锌邪薪械谢褜
eleven			number	A1	芯写懈薪薪邪写褑邪褌褜
mathematics			n.	A2	屑邪褌械屑邪褌懈泻邪
ride			v. A1, n. A2	A1, A2	械蟹写懈褌褜
hunting			n.	B2	芯褏芯褌邪
classroom			n.	A1	泻谢邪褋褋
participate			v.	B1	褍褔邪褋褌胁芯胁邪褌褜
repair			v. A2, n. B1	A2, B1	褉械屑芯薪褌
cap			n.	B1	泻械锌泻邪
magic			n., adj.	B1	屑邪谐懈褟
desk			n.	A1	褋褌芯谢
excited			adj.	A1	胁蟹胁芯谢薪芯胁邪薪薪褘泄
affair			n.	B2	写械谢芯
pocket			n.	A2	泻邪褉屑邪薪
capture			v., n.	B2	蟹邪褏胁邪褌
outline			n., v.	B2	泻芯薪褌褍褉
guy			n.	A2	锌邪褉械薪褜
satisfy			v.	B2	褍写芯胁谢械褌胁芯褉懈褌褜
bag			n.	A1	褋褍屑泻邪
mood			n.	B1	薪邪褋褌褉芯械薪懈械
marry			v.	A2	卸械薪懈褌褜褋褟
introduce			v.	A1	锌褉械写褋褌邪胁懈褌褜
intelligent			adj.	A2	褍屑薪褘泄
portrait			n.	B1	锌芯褉褌褉械褌
button			n.	A2	泻薪芯锌泻邪
stick	(piece of wood)		n.	B1	锌邪谢泻邪
stick	(push into/attach)		v.	B1	锌邪谢泻邪
import			n., v.	B1	懈屑锌芯褉褌懈褉芯胁邪褌褜
strict			adj.	B2	褋褌褉芯谐懈泄
paint			v., n.	A1	泻褉邪褋泻邪
bus			n.	A1	邪胁褌芯斜褍褋
enthusiasm			n.	B2	褝薪褌褍蟹懈邪蟹屑
virus			n.	A2	胁懈褉褍褋
calm			adj., v., n.	B1	褋锌芯泻芯泄薪褘泄
yours			pron.	A2	褌胁芯泄
arrive			v.	A1	锌褉懈斜褘褌褜
driver			n.	A1	胁芯写懈褌械谢褜
tip			n. A2, v. B1	A2, B1	褔邪械胁褘械
bitter			adj.	B2	谐芯褉褜泻懈泄
video			n.	A1	胁懈写械芯
massive			adj.	B2	屑邪褋褋懈胁薪褘泄
qualified			adj.	B1	泻胁邪谢懈褎懈褑懈褉芯胁邪薪薪褘泄
adopt			v.	B2	锌褉懈薪褟褌褜
illustrate			v.	B2	懈谢谢褞褋褌褉懈褉芯胁邪褌褜
camera			n.	A1	泻邪屑械褉邪
bent			adj.	B2	褋芯谐薪褍褌褘泄
engage			v.	B2	蟹邪薪懈屑邪褌褜褋褟
ending			n.	A2	芯泻芯薪褔邪薪懈械
folk			n., adj.	B1	薪邪褉芯写薪褘泄
mystery			n.	B1	褌邪泄薪邪
emotion			n.	B1	褝屑芯褑懈褟
chemistry			n.	A2	褏懈屑懈褟
romantic			adj.	B1	褉芯屑邪薪褌懈褔械褋泻懈泄
bush			n.	B2	泻褍褋褌
replace			v.	A2	蟹邪屑械薪懈褌褜
anyway			adv.	A2	胁 谢褞斜芯屑 褋谢褍褔邪械
graduate			n., v.	B1	胁褘锌褍褋泻薪懈泻
relate			v.	B1	芯褌薪芯褋懈褌褜褋褟
mineral			n.	B2	屑懈薪械褉邪谢
forever			adv.	B1	薪邪胁褋械谐写邪
plenty			pron.	B1	屑薪芯谐芯
slope			n., v.	B2	褋泻谢芯薪
refuse		1	v.	A2	芯褌泻邪蟹邪褌褜褋褟
innocent			adj.	B1	薪械胁懈薪薪褘泄
continent			n.	A2	泻芯薪褌懈薪械薪褌
gentle			adj.	B1	薪械卸薪褘泄
crew			n.	B2	褝泻懈锌邪卸
reward			n., v.	B2	薪邪谐褉邪写邪
protest			n., v.	B1	锌褉芯褌械褋褌
artistic			adj.	B2	褏褍写芯卸械褋褌胁械薪薪褘泄
classic			adj., n.	B2	泻谢邪褋褋懈褔械褋泻懈泄
wherever			conj.	B2	谐写械 褍谐芯写薪芯
consist			v.	B1	褋芯褋褌芯褟褌褜
defend			v.	B2	蟹邪褖懈褖邪褌褜
digital			adj.	A2	褑懈褎褉芯胁芯泄
furniture			n.	A2	屑械斜械谢褜
egg			n.	A1	褟泄褑芯
finish			v. A1, n. A2	A1, A2	蟹邪泻芯薪褔懈褌褜
quietly			adv.	A2	褌懈褏芯
tape			n.	B1	谢械薪褌邪
survive			v.	B1	胁褘卸懈褌褜
yard			n.	B1	写胁芯褉
breakfast			n.	A1	蟹邪胁褌褉邪泻
sing			v.	A1	锌械褌褜
anywhere			adv., pron.	A2	谐写械 褍谐芯写薪芯
bath			n.	A1	胁邪薪薪邪
painful			adj.	B1	斜芯谢械蟹薪械薪薪褘泄
personally			adv.	B1	谢懈褔薪芯
pound			n.	A1	褎褍薪褌
laugh			v., n.	A1	褋屑械褟褌褜褋褟
tour			n. A2, v. B1	A2, B1	褌褍褉
tomorrow			adv., n.	A1	蟹邪胁褌褉邪
employ			v.	A2	薪邪薪懈屑邪褌褜
worry			v. A2, n. B1	A2, B1	斜械褋锌芯泻芯懈褌褜褋褟
cloud			n.	A2	芯斜谢邪泻芯
excitement			n.	B1	胁芯谢薪械薪懈械
dialogue			n.	A1	写懈邪谢芯谐
apartment			n.	A1	泻胁邪褉褌懈褉邪
throat			n.	B1	谐芯褉谢芯
push			v. A2, n. B1	A2, B1	褌芯谢泻邪褌褜
succeed			v.	A2	写芯斜懈褌褜褋褟 褍褋锌械褏邪
indirect			adj.	B1	泻芯褋胁械薪薪褘泄
reliable			adj.	B1	薪邪写械卸薪褘泄
retain			v.	B2	褋芯褏褉邪薪懈褌褜
engineer			n.	A2	懈薪卸械薪械褉
settle			v.	B2	褍褉械谐褍谢懈褉芯胁邪褌褜
pan			n.	B1	泻邪褋褌褉褞谢褟
platform			n.	A2	锌谢邪褌褎芯褉屑邪
player			n.	A1	懈谐褉芯泻
rubber			n., adj.	B2	褉械蟹懈薪邪
acquire			v.	B2	锌褉懈芯斜褉械褌邪褌褜
Saturday			n.	A1	褋褍斜斜芯褌邪
electricity			n.	A2	褝谢械泻褌褉懈褔械褋褌胁芯
stuff			n. B1, v. B2	B1, B2	胁械褖懈
aunt			n.	A1	褌械褌褟
bottle			n.	A1	斜褍褌褘谢泻邪
yesterday			adv., n.	A1	胁褔械褉邪
priority			n.	B2	锌褉懈芯褉懈褌械褌
prospect			n.	B2	锌械褉褋锌械泻褌懈胁邪
retired			adj.	B1	锌械薪褋懈芯薪械褉
delight			v., n.	B2	胁芯褋褌芯褉谐
construct			v.	B2	锌芯褋褌褉芯懈褌褜
bacteria			n.	B2	斜邪泻褌械褉懈懈
loud			adj., adv.	A2	谐褉芯屑泻懈泄
mix			v., n.	B1	褋屑械褕懈胁邪褌褜
powder			n.	B1	锌芯褉芯褕芯泻
solar			adj.	B2	褋芯谢薪械褔薪褘泄
facility			n.	B2	芯斜褗械泻褌
encounter			v., n.	B2	胁褋褌褉械褔邪
arrest			v., n.	B1	邪褉械褋褌芯胁邪褌褜
odd			adj.	B1	褋褌褉邪薪薪褘泄
eighteen			number	A1	胁芯褋械屑薪邪写褑邪褌褜
flag			n.	B1	褎谢邪谐
justify			v.	B2	芯锌褉邪胁写褘胁邪褌褜
pen			n.	A1	褉褍褔泻邪
seventy			number	A1	褋械屑褜写械褋褟褌
insight			n.	B2	锌芯薪懈屑邪薪懈械
cable			n.	B2	泻邪斜械谢褜
unlikely			adj.	B1	屑邪谢芯胁械褉芯褟褌薪芯
creature			n.	B2	褋褍褖械褋褌胁芯
resident			n., adj.	B2	褉械蟹懈写械薪褌
lunch			n.	A1	芯斜械写
deliver			v.	B1	写芯褋褌邪胁懈褌褜
resist			v.	B2	褋芯锌褉芯褌懈胁谢褟褌褜褋褟
confused			adj.	B1	褋屑褍褖械薪薪褘泄
heating			n.	B1	芯褌芯锌谢械薪懈械
collect			v.	A2	褋芯斜懈褉邪褌褜
latest			adj. B1, n. B2	B1, B2	锌芯褋谢械写薪懈泄
elderly			adj.	B2	锌芯卸懈谢芯泄
pollution			n.	A2	蟹邪谐褉褟蟹薪械薪懈械
gallery			n.	A2	谐邪谢械褉械褟
killing			n.	B1	褍斜懈泄褋褌胁芯
fourteen			number	A1	褔械褌褘褉薪邪写褑邪褌褜
divide			v. B1, n. B2	B1, B2	写械谢懈褌褜
silk			n.	B2	褕械谢泻
generate			v.	B2	谐械薪械褉懈褉芯胁邪褌褜
photo			n.	A1	褎芯褌芯
menu			n.	A1	屑械薪褞
prisoner			n.	B1	蟹邪泻谢褞褔械薪薪褘泄
hate			v. A1, n. B1	A1, B1	薪械薪邪胁懈卸褍
salary			n.	A2	蟹邪褉锌谢邪褌邪
CD			n.	A1	泻芯屑锌邪泻褌-写懈褋泻
pace			n., v.	B2	褌械屑锌
autumn			n.	A1	芯褋械薪褜
cure			v., n.	B2	胁褘谢械褔懈褌褜
tight			adj.	B1	褌褍谐芯泄
historic			adj.	B1	懈褋褌芯褉懈褔械褋泻懈泄
unconscious			adj.	B2	斜械蟹 褋芯蟹薪邪薪懈褟
breathing			n.	B1	写褘褏邪薪懈械
guarantee			v., n.	B2	谐邪褉邪薪褌懈褟
fancy			v., adj.	B1	锌褉懈褔褍写谢懈胁褘泄
remark			n., v.	B2	蟹邪屑械褔邪薪懈械
pupil			n.	B2	褍褔械薪懈泻
hide			v.	A2	褋锌褉褟褌邪褌褜
alter			v.	B2	懈蟹屑械薪懈褌褜
initiative			n.	B2	懈薪懈褑懈邪褌懈胁邪
pilot			n.	A2	锌懈谢芯褌
mild			adj.	B1	屑褟谐泻懈泄
tank			n.	B2	褌邪薪泻
award			n. A2, v. B1	A2, B1	薪邪谐褉邪写邪
stranger			n.	B1	薪械蟹薪邪泻芯屑械褑
assignment			n.	B1	蟹邪写邪薪懈械
generous			adj.	B1	褖械写褉褘泄
complaint			n.	B1	卸邪谢芯斜邪
ceremony			n.	B1	褑械褉械屑芯薪懈褟
sixteen			number	A1	褕械褋褌薪邪写褑邪褌褜
rely			v.	B2	锌芯谢邪谐邪褌褜褋褟
evaluate			v.	B2	芯褑械薪懈胁邪褌褜
lecture			n., v.	A2	谢械泻褑懈褟
submit			v.	B2	芯褌锌褉邪胁懈褌褜
lovely			adj.	A2	锌褉械泻褉邪褋薪褘泄
hunt			v. B1, n. B2	B1, B2	芯褏芯褌懈褌褜褋褟
switch			v. B1, n. B2	B1, B2	锌械褉械泻谢褞褔邪褌械谢褜
feedback			n.	B2	芯斜褉邪褌薪邪褟 褋胁褟蟹褜
blame			v., n.	B2	胁懈薪懈褌褜
fur			n.	B1	屑械褏
giant			adj., n.	B1	谐懈谐邪薪褌
mad			adj.	B1	斜械蟹褍屑薪褘泄
cream			n. A1, adj. B1	A1, B1	泻褉械屑
ice cream			n.	A1	屑芯褉芯卸械薪芯械
definitely			adv.	A2	芯锌褉械写械谢械薪薪芯
communicate			v.	A2	芯斜褖邪褌褜褋褟
charity			n.	A2	斜谢邪谐芯褌胁芯褉懈褌械谢褜薪芯褋褌褜
pursue			v.	B2	锌褉械褋谢械写芯胁邪褌褜
lift			v., n.	A2	谢懈褎褌
flood			n., v.	B1	薪邪胁芯写薪械薪懈械
correctly			adv.	A2	锌褉邪胁懈谢褜薪芯
clock			n.	A1	褔邪褋褘
explore			v.	B1	懈褋褋谢械写芯胁邪褌褜
beer			n.	A1	锌懈胁芯
movie			n.	A1	褎懈谢褜屑
farming			n.	A2	褋械谢褜褋泻芯械 褏芯蟹褟泄褋褌胁芯
knife			n.	A2	薪芯卸
somebody			pron.	A1	泻褌芯-褌芯
dancing			n.	A1	褌邪薪褑褘
badly			adv.	A2	锌谢芯褏芯
mobile			adj., n.	A2	屑芯斜懈谢褜薪褘泄
criterion			n.	B2	泻褉懈褌械褉懈泄
associate			v.	B2	锌邪褉褌薪械褉
reception			n.	A2	锌褉懈械屑
excuse			n., v.	B2	懈蟹胁懈薪懈
appreciate			v.	B1	褑械薪懈褌褜
hi			exclam.	A1	锌褉懈胁械褌
informal			adj.	A2	薪械芯褎懈褑懈邪谢褜薪褘泄
everyday			adj.	A2	泻邪卸写褘泄 写械薪褜
invention			n.	A2	懈蟹芯斜褉械褌械薪懈械
belt			n.	A2	褉械屑械薪褜
dad			n.	A1	锌邪锌邪
lung			n.	B2	谢械谐泻芯械
photograph			n. A1, v. A2	A1, A2	褎芯褌芯谐褉邪褎懈褟
impressed			adj.	B2	胁锌械褔邪褌谢械薪
prize			n.	A2	锌褉懈蟹
pitch			n.	B2	褕邪谐
tie			v., n.	A2	谐邪谢褋褌褍泻
acknowledge			v.	B2	锌褉懈蟹薪邪褌褜
unnecessary			adj.	B1	薪械薪褍卸薪褘泄
princess			n.	B1	锌褉懈薪褑械褋褋邪
butter			n.	A1	褋谢懈胁芯褔薪芯械 屑邪褋谢芯
flexible			adj.	B2	谐懈斜泻懈泄
wedding			n.	A2	褋胁邪写褜斜邪
package			n. B1, v. B2	B1, B2	锌邪泻械褌
suspect			v., n.	B2	锌芯写芯蟹褉械胁邪械屑褘泄
recover			v.	B2	胁褘蟹写芯褉邪胁谢懈胁邪褌褜
smell			v., n.	A2	蟹邪锌邪褏
sport			n.	A1	褋锌芯褉褌
online			adj., adv.	A1	芯薪谢邪泄薪
assess			v.	B2	芯褑械薪懈胁邪褌褜
aggressive			adj.	B2	邪谐褉械褋褋懈胁薪褘泄
combine			v.	B1	芯斜褗械写懈薪懈褌褜
wash			v. A1, n. A2	A1, A2	屑褘褌褜
talent			n.	B1	褌邪谢邪薪褌
junior			adj.	B2	屑谢邪写褕懈泄
flame			n.	B2	锌谢邪屑褟
peaceful			adj.	B1	屑懈褉薪褘泄
illegal			adj.	B1	薪械蟹邪泻芯薪薪褘泄
calculate			v.	B2	胁褘褔懈褋谢懈褌褜
brand			n., v.	B1	斜褉械薪写
dictionary			n.	A1	褋谢芯胁邪褉褜
actor			n.	A1	邪泻褌械褉
restaurant			n.	A1	褉械褋褌芯褉邪薪
biology			n.	A2	斜懈芯谢芯谐懈褟
shame			n.	B2	锌芯蟹芯褉
label			n., v.	B1	褝褌懈泻械褌泻邪
resort			n.	B2	泻褍褉芯褉褌
declare			v.	B2	芯斜褗褟胁懈褌褜
rush			v., n.	B2	褋锌械褕懈褌褜
leather			n.	B1	泻芯卸邪
battery			n.	B1	斜邪褌邪褉械褟
brave			adj.	B1	褏褉邪斜褉褘泄
mouse			n.	A1	屑褘褕褜
disaster			n.	A2	泻邪褌邪褋褌褉芯褎邪
slip			v.	B2	褋泻芯谢褜卸械薪懈械
cousin			n.	A1	写胁芯褞褉芯写薪褘泄 斜褉邪褌
tropical			adj.	B2	褌褉芯锌懈褔械褋泻懈泄
grateful			adj.	B1	斜谢邪谐芯写邪褉械薪
shelter			n., v.	B2	褍斜械卸懈褖械
injured			adj.	B1	褉邪薪械薪褘泄
truck			n.	A2	谐褉褍蟹芯胁懈泻
diary			n.	A2	写薪械胁薪懈泻
cheap			adj. A1, adv. B1	A1, B1	写械褕械胁芯
smoking			n.	A2	泻褍褉械薪懈械
monitor			n., v.	B2	屑芯薪懈褌芯褉
tin			n.	B1	芯谢芯胁芯
wake			v.	A1	锌褉芯褋褘锌邪褌褜褋褟
geography			n.	A1	谐械芯谐褉邪褎懈褟
barrier			n.	B2	斜邪褉褜械褉
mud			n.	B1	谐褉褟蟹褜
shade			n.	B2	褌械薪褜
vitamin			n.	B2	胁懈褌邪屑懈薪
blank			adj., n.	A2	锌褍褋褌芯泄
resolve			v.	B2	褉械褕懈褌褜
thirteen			number	A1	褌褉懈薪邪写褑邪褌褜
gather			v.	B1	褋芯斜褉邪褌褜
anybody			pron.	A2	泻褌芯-薪懈斜褍写褜
fix			v. A2, n. B2	A2, B2	懈褋锌褉邪胁懈褌褜
differently			adv.	A2	锌芯-写褉褍谐芯屑褍
guest			n.	A2	谐芯褋褌褜
entertainment			n.	B1	褉邪蟹胁谢械褔械薪懈械
exploration			n.	B2	褉邪蟹胁械写泻邪
piano			n.	A1	褎芯褉褌械锌懈邪薪芯
exhibition			n.	B1	胁褘褋褌邪胁泻邪
fold			v. B1, n. B2	B1, B2	褋谢芯卸懈褌褜
pink			adj., n.	A1	褉芯蟹芯胁褘泄
knee			n.	A2	泻芯谢械薪芯
circumstance			n.	B2	芯斜褋褌芯褟褌械谢褜褋褌胁芯
pot			n.	B1	谐芯褉褕芯泻
leisure			n.	B1	写芯褋褍谐
realistic			adj.	B2	褉械邪谢懈褋褌懈褔薪褘泄
luck			n.	A2	褍写邪褔邪
collapse			v., n.	B2	泻芯谢谢邪锌褋
cooking			n.	A1	锌褉懈谐芯褌芯胁谢械薪懈械 锌懈褖懈
unexpected			adj.	B2	薪械芯卸懈写邪薪薪褘泄
grandfather			n.	A1	写械写褍褕泻邪
mysterious			adj.	B2	蟹邪谐邪写芯褔薪褘泄
eighty			number	A1	胁芯褋械屑褜写械褋褟褌
expand			v.	B1	褉邪褋褕懈褉褟褌褜
laughter			n.	A2	褋屑械褏
funding			n.	B2	褎懈薪邪薪褋懈褉芯胁邪薪懈械
lamp			n.	A2	谢邪屑锌邪
imply			v.	B2	锌芯写褉邪蟹褍屑械胁邪褌褜
burn			v. A2, n. B2	A2, B2	褋卸械褔褜
Monday			n.	A1	锌芯薪械写械谢褜薪懈泻
crowded			adj.	A2	屑薪芯谐芯谢褞写薪褘泄
cruel			adj.	B1	卸械褋褌芯泻懈泄
expectation			n.	B2	芯卸懈写邪薪懈械
brush			v., n.	A2	泻懈褋褌褜
sensible			adj.	B1	褉邪蟹褍屑薪褘泄
Friday			n.	A1	锌褟褌薪懈褑邪
rhythm			n.	B2	褉懈褌屑
festival			n.	A1	褎械褋褌懈胁邪谢褜
apple			n.	A1	褟斜谢芯泻芯
shallow			adj.	B2	屑械谢泻懈泄
shirt			n.	A1	褉褍斜邪褕泻邪
T-shirt			n.	A1	褎褍褌斜芯谢泻邪
offensive			adj.	B2	薪邪褋褌褍锌谢械薪懈械
ambition			n.	B1	邪屑斜懈褑懈懈
bowl			n.	A2	褔邪褕邪
interpret			v.	B2	懈薪褌械褉锌褉械褌懈褉芯胁邪褌褜
weapon			n.	B1	芯褉褍卸懈械
painter			n.	A2	褏褍写芯卸薪懈泻
wool			n.	B1	褕械褉褋褌褜
ghost			n.	B1	锌褉懈蟹褉邪泻
secondly			adv.	A2	胁芯-胁褌芯褉褘褏
contest			n., v.	B2	泻芯薪泻褍褉褋
needle			n.	B1	懈谐谢邪
emerge			v.	B2	锌芯褟胁谢褟褌褜褋褟
asleep			adj.	A2	褋锌懈褌
pension		1	n.	B2	锌械薪褋懈褟
frozen			adj.	B1	蟹邪屑芯褉芯卸械薪薪褘泄
lion			n.	A1	谢械胁
pack			v. A2, n. B1	A2, B1	褍锌邪泻芯胁泻邪
wealthy			adj.	B2	斜芯谐邪褌褘泄
horror			n.	B1	褍卸邪褋
ours			pron.	B1	薪邪褕
desperate			adj.	B2	芯褌褔邪褟薪薪褘泄
ignore			v.	B1	懈谐薪芯褉懈褉芯胁邪褌褜
recommend			v.	A2	褉械泻芯屑械薪写芯胁邪褌褜
alarm			n. B1, v. B2	B1, B2	褋懈谐薪邪谢懈蟹邪褑懈褟
investigate			v.	B1	懈褋褋谢械写芯胁邪褌褜
studio			n.	B1	褋褌褍写懈褟
chicken			n.	A1	泻褍褉懈褑邪
propose			v.	B2	锌褉械写谢邪谐邪褌褜
shoot			v.	B1	褋褌褉械谢褟褌褜
virtual			adj.	B2	胁懈褉褌褍邪谢褜薪褘泄
planet			n.	A2	锌谢邪薪械褌邪
shooting			n.	B2	褋褌褉械谢褜斜邪
deliberately			adv.	B2	薪邪屑械褉械薪薪芯
exciting			adj.	A1	蟹邪褏胁邪褌褘胁邪褞褖懈泄
offence			n.	B2	锌褉械褋褌褍锌谢械薪懈械
hang			v.	B1	锌芯胁械褋懈褌褜
commit			v.	B1	褋芯胁械褉褕懈褌褜
coloured			adj.	B1	褑胁械褌薪芯泄
stretch			v., n.	B2	褉邪褋褌褟谐懈胁邪褌褜
sail			v. A2, n. B1	A2, B1	锌邪褉褍褋
unhappy			adj.	A2	薪械褋褔邪褋褌薪褘泄
impressive			adj.	B1	胁锌械褔邪褌谢褟褞褖懈泄
rid			v.	B2	懈蟹斜邪胁懈褌褜
worried			adj.	A2	芯斜械褋锌芯泻芯械薪薪褘泄
concentrate			v.	B1	褋泻芯薪褑械薪褌褉懈褉芯胁邪褌褜褋褟
reject			v.	B1	芯褌泻谢芯薪懈褌褜
critic			n.	B2	泻褉懈褌懈泻
cheese			n.	A1	褋褘褉
confident			adj.	B1	褍胁械褉械薪薪褘泄
enhance			v.	B2	褍谢褍褔褕懈褌褜
emphasize			v.	B2	锌芯写褔械褉泻懈胁邪褌褜
nowhere			adv.	A2	薪懈谐写械
inform			v.	B2	懈薪褎芯褉屑懈褉芯胁邪褌褜
kiss			v., n.	B1	锌芯褑械谢褍泄
dirty			adj.	A1	谐褉褟蟹薪褘泄
lock			v., n.	A2	蟹邪屑芯泻
campus			n.	B1	泻邪屑锌褍褋
vegetable			n.	A1	芯胁芯褖薪芯泄
fortunately			adv.	A2	泻 褋褔邪褋褌褜褞
rope			n.	B1	胁械褉械胁泻邪
slide			v., n.	B2	褋谢邪泄写
bedroom			n.	A1	褋锌邪谢褜薪褟
producer			n.	B1	锌褉芯写褞褋械褉
regret			v., n.	B2	褋芯卸邪谢械薪懈械
similarity			n.	B1	褋褏芯写褋褌胁芯
ceiling			n.	B1	锌芯褌芯谢芯泻
confirm			v.	B1	锌芯写褌胁械褉写懈褌褜
attract			v.	B1	锌褉懈胁谢械泻邪褌褜
hungry			adj.	A1	谐芯谢芯写薪褘泄
impose			v.	B2	薪邪胁褟蟹褘胁邪褌褜
coach			n. A2, v. B1	A2, B1	褌褉械薪械褉
adventure			n.	A2	锌褉懈泻谢褞褔械薪懈械
juice			n.	A1	褋芯泻
organize			v.	A2	芯褉谐邪薪懈蟹芯胁邪褌褜
convert			v.	B2	泻芯薪胁械褉褌懈褉芯胁邪褌褜
basically			adv.	B2	胁 芯褋薪芯胁薪芯屑
pregnant			adj.	B2	斜械褉械屑械薪薪邪
invitation			n.	A2	锌褉懈谐谢邪褕械薪懈械
jump			v., n.	A2	锌褉褘谐邪褌褜
hollow			adj.	B2	锌芯谢褘泄
cow			n.	A1	泻芯褉芯胁邪
agenda			n.	B2	锌芯胁械褋褌泻邪 写薪褟
underground			adj., adv.	A2	锌芯写 蟹械屑谢械泄
destination			n.	B1	锌褍薪泻褌 薪邪蟹薪邪褔械薪懈褟
purple			adj., n.	A1	褎懈芯谢械褌芯胁褘泄
attraction			n.	B1	邪褌褌褉邪泻褑懈芯薪
popularity			n.	B2	锌芯锌褍谢褟褉薪芯褋褌褜
connect			v.	A2	锌芯写泻谢褞褔懈褌褜
flour			n.	B1	屑褍泻邪
tough			adj.	B2	卸械褋褌泻懈泄
keen			adj.	B1	褍胁谢械褔械薪薪褘泄
flash			n., v.	B2	胁褋锌褘褕泻邪
earn			v.	A2	蟹邪褉邪斜邪褌褘胁邪褌褜
tonight			adv., n.	A1	褋械谐芯写薪褟 胁械褔械褉芯屑
script			n.	B1	褋褑械薪邪褉懈泄
predict			v.	A2	锌褉械写褋泻邪蟹邪褌褜
abandon			v.	B2	芯褋褌邪胁懈褌褜
arrange			v.	A2	褍褋褌褉芯懈褌褜
privacy			n.	B2	泻芯薪褎懈写械薪褑懈邪谢褜薪芯褋褌褜
episode			n.	B1	褝锌懈蟹芯写
accommodation			n.	B1	褉邪蟹屑械褖械薪懈械
pin			n., v.	B1	斜褍谢邪胁泻邪
bride			n.	B1	薪械胁械褋褌邪
detect			v.	B2	芯斜薪邪褉褍卸懈褌褜
prediction			n.	B1	锌褉械写褋泻邪蟹邪薪懈械
depressed			adj.	B2	写械锌褉械褋褋懈胁薪褘泄
disappear			v.	A2	懈褋褔械蟹薪褍褌褜
upset			adj., v.	B1	褉邪褋褋褌褉芯械薪
shopping			n.	A1	褕芯锌锌懈薪谐
comedy			n.	A2	泻芯屑械写懈褟
steep			adj.	B2	泻褉褍褌芯泄
frightened			adj.	B1	懈褋锌褍谐邪薪薪褘泄
midnight			n.	A1	锌芯谢薪芯褔褜
obey			v.	B2	锌芯写褔懈薪褟褌褜褋褟
architect			n.	A2	邪褉褏懈褌械泻褌芯褉
holiday			n.	A1	锌褉邪蟹写薪懈泻
tooth			n.	A1	蟹褍斜
smart			adj.	B1	褍屑薪褘泄
insist			v.	B2	薪邪褋褌邪懈胁邪褌褜
transform			v.	B2	褌褉邪薪褋褎芯褉屑懈褉芯胁邪褌褜
washing			n.	A2	褋褌懈褉泻邪
lucky			adj.	A2	锌芯胁械蟹谢芯
rescue			v., n.	B2	褋锌邪褋械薪懈械
grandmother			n.	A1	斜邪斜褍褕泻邪
passenger			n.	A2	锌邪褋褋邪卸懈褉
diamond			n.	B1	邪谢屑邪蟹
quote			v., n.	B1	褑懈褌邪褌邪
pile			n., v.	B2	泻褍褔邪
pig			n.	A1	褋胁懈薪褜褟
tent			n.	B1	锌邪谢邪褌泻邪
concert			n.	A1	泻芯薪褑械褉褌
shake			v. A2, n. B1	A2, B1	褌褉褟褋褌懈
kid			n.	A2	屑邪谢褘褕
awful			adj.	A2	褍卸邪褋薪芯
modify			v.	B2	懈蟹屑械薪懈褌褜
drag			v.	B2	锌械褉械褌邪褖懈褌褜
boss			n.	A2	斜芯褋褋
drunk			adj.	B1	锌褜褟薪褘泄
swimming			n.	A1	锌谢邪胁邪薪懈械
sink			v.	B1	褌芯薪褍褌褜
football			n.	A1	褎褍褌斜芯谢
yeah			exclam.	A1	写邪
convince			v.	B1	褍斜械卸写邪褌褜
lonely			adj.	B1	芯写懈薪芯泻懈泄
delighted			adj.	B2	胁 胁芯褋褌芯褉谐械
visitor			n.	A1	锌芯褋械褌懈褌械谢褜
satellite			n.	B2	褋锌褍褌薪懈泻
deliberate			adj.	B2	锌褉械写薪邪屑械褉械薪薪褘泄
printer			n.	A2	锌褉懈薪褌械褉
crazy			adj.	A2	褋褍屑邪褋褕械写褕懈泄
statue			n.	B1	褋褌邪褌褍褟
sincere			adj.	B2	懈褋泻褉械薪薪懈泄
tear		1	v., n.	B2	褋谢械蟹邪
tear		2	n.	B2	褋谢械蟹邪
stupid			adj.	A2	谐谢褍锌褘泄
bomb			n., v.	B1	斜芯屑斜邪
airport			n.	A1	邪褝褉芯锌芯褉褌
hers			pron.	A2	械械
seventeen			number	A1	褋械屑薪邪写褑邪褌褜
fan			n.	A2	胁械薪褌懈谢褟褌芯褉
recommendation			n.	B1	褉械泻芯屑械薪写邪褑懈褟
urge			v.	B2	锌褉懈蟹褘胁邪褌褜
ambitious			adj.	B1	邪屑斜懈褑懈芯蟹薪褘泄
receipt			n.	B1	泻胁懈褌邪薪褑懈褟
invest			v.	B1	懈薪胁械褋褌懈褉芯胁邪褌褜
favourite			adj., n.	A1	谢褞斜懈屑褘泄
owe			v.	B2	写芯谢卸械薪
coin			n.	B1	屑芯薪械褌邪
bend			v., n.	B1	懈蟹谐懈斜
sculpture			n.	B1	褋泻褍谢褜锌褌褍褉邪
lively			adj.	B2	卸懈胁芯泄
scientist			n.	A1	褍褔褢薪褘泄
quit			v.	B1	褍泄褌懈
accompany			v.	B2	褋芯锌褉芯胁芯卸写邪褌褜
cottage			n.	B1	泻芯褌褌械写卸
lip			n.	B1	谐褍斜邪
beef			n.	A2	谐芯胁褟写懈薪邪
ninety			number	A1	写械胁褟薪芯褋褌芯
deserve			v.	B2	蟹邪褋谢褍卸懈胁邪褌褜
persuade			v.	B1	褍斜械卸写邪褌褜
funny			adj.	A1	褋屑械褕薪芯
forgive			v.	B2	锌褉芯褋褌懈
poison			n., v.	B1	褟写
govern			v.	B2	褍锌褉邪胁谢褟褌褜
luxury			n.	B1	褉芯褋泻芯褕褜
fence			n.	B1	蟹邪斜芯褉
OK			exclam., adj./adv.	A1	袨袣
climb			v. A1, n. B1	A1, B1	锌芯写薪懈屑邪褌褜褋褟
birthday			n.	A1	写械薪褜 褉芯卸写械薪懈褟
disappointed			adj.	B1	褉邪蟹芯褔邪褉芯胁邪薪
neighbourhood			n.	B1	芯泻褉械褋褌薪芯褋褌懈
discount			n. B1, v. B2	B1, B2	褋泻懈写泻邪
clever			adj.	A2	褍屑薪褘泄
publish			v.	A2	锌褍斜谢懈泻芯胁邪褌褜
remind			v.	B1	薪邪锌芯屑薪懈褌褜
compete			v.	A2	泻芯薪泻褍褉懈褉芯胁邪褌褜
intend			v.	B1	薪邪屑械褉械薪懈械
hurry			n., v.	B1	褋锌械褕懈褌褜
locate			v.	B1	薪邪泄褌懈
oppose			v.	B2	胁褘褋褌褍锌邪褌褜 锌褉芯褌懈胁
matching			adj.	B2	褋芯芯褌胁械褌褋褌胁懈械
reporter			n.	A2	褉械锌芯褉褌械褉
beg			v.	B2	锌褉芯褋懈褌褜
broadcast			v., n.	B2	褌褉邪薪褋谢褟褑懈褟
stamp			n.	A2	褕褌邪屑锌
react			v.	A2	褉械邪谐懈褉芯胁邪褌褜
pop			n., adj.	A2	锌芯锌
snake			n.	A1	蟹屑械褟
pencil			n.	A1	泻邪褉邪薪写邪褕
imaginary			adj.	B1	胁芯芯斜褉邪卸邪械屑褘泄
behave			v.	A2	胁械褋褌懈 褋械斜褟
spell			v.	A1	蟹邪泻谢懈薪邪薪懈械
dirt			n.	B1	谐褉褟蟹褜
disc			n.	B2	写懈褋泻
specialist			n., adj.	B2	褋锌械褑懈邪谢懈褋褌
dish			n.	A1	斜谢褞写芯
singer			n.	A1	锌械胁械褑
hire			v. B1, n. B2	B1, B2	薪邪薪懈屑邪褌褜
tunnel			n.	B2	褌褍薪薪械谢褜
stiff			adj.	B2	卸械褋褌泻懈泄
happily			adv.	A2	褋褔邪褋褌谢懈胁芯
insect			n.	A2	薪邪褋械泻芯屑芯械
lean			v.	B2	褏褍写芯泄
soap			n.	A2	屑褘谢芯
twin			n., adj.	A2	斜谢懈蟹薪械褑
tourism			n.	A2	褌褍褉懈蟹屑
tune			n.	B2	薪邪褋褌褉邪懈胁邪褌褜
jacket			n.	A1	泻褍褉褌泻邪
lend			v.	A2	芯写芯谢卸懈褌褜
relaxed			adj.	B1	褉邪褋褋谢邪斜谢械薪薪褘泄
gang			n.	B2	斜邪薪写邪
explosion			n.	B1	胁蟹褉褘胁
app			n.	A2	锌褉懈谢芯卸械薪懈械
drum			n.	B1	斜邪褉邪斜邪薪
pet			n.	A2	写芯屑邪褕薪械械 卸懈胁芯褌薪芯械
pepper			n.	A1	锌械褉械褑
ticket			n.	A1	斜懈谢械褌
celebration			n.	B1	锌褉邪蟹写薪懈泻
old-fashioned			adj.	B1	褋褌邪褉芯屑芯写薪褘泄
container			n.	B1	泻芯薪褌械泄薪械褉
enthusiastic			adj.	B2	胁芯褋褌芯褉卸械薪薪褘泄
upwards			adv.	B2	胁胁械褉褏
cake			n.	A1	褌芯褉褌
shelf			n.	B1	锌芯谢泻邪
ugly			adj.	B1	褍褉芯写谢懈胁褘泄
countryside			n.	B1	褋械谢褜褋泻邪褟 屑械褋褌薪芯褋褌褜
curved			adj.	B2	懈蟹芯谐薪褍褌褘泄
designer			n.	A2	写懈蟹邪泄薪械褉
volunteer			n., v.	B1	胁芯谢芯薪褌械褉
quotation			n.	B1	褑懈褌邪褌邪
baseball			n.	A2	斜械泄褋斜芯谢
sailing			n.	A2	锌邪褉褍褋薪褘泄 褋锌芯褉褌
cigarette			n.	A2	褋懈谐邪褉械褌邪
opponent			n.	B2	锌褉芯褌懈胁薪懈泻
spelling			n.	A1	锌褉邪胁芯锌懈褋邪薪懈械
parking			n.	A2	锌邪褉泻芯胁泻邪
unpleasant			adj.	B1	薪械锌褉懈褟褌薪褘泄
bet			v., n.	B2	褋褌邪胁泻邪
advise			v.	B1	褋芯胁械褌芯胁邪褌褜
elect			v.	B2	胁褘斜懈褉邪褌褜
complain			v.	A2	卸邪谢芯胁邪褌褜褋褟
amazing			adj.	A1	锌芯褌褉褟褋邪褞褖械
disadvantage			n.	B1	薪械写芯褋褌邪褌芯泻
launch			v., n.	B2	蟹邪锌褍褋泻
worldwide			adj., adv.	B1	锌芯 胁褋械屑褍 屑懈褉褍
tourist			n.	A1	褌褍褉懈褋褌
theirs			pron.	B1	懈褏
joke			n., v.	A2	褕褍褌泻邪
invite			v.	A2	锌褉懈谐谢邪褋懈褌褜
edit			v.	B2	褉械写邪泻褌懈褉芯胁邪褌褜
horrible			adj.	B1	褍卸邪褋薪芯
Tuesday			n.	A1	胁褌芯褉薪懈泻
trick			n., v.	B1	褌褉褞泻
genre			n.	B2	卸邪薪褉
instructor			n.	A2	懈薪褋褌褉褍泻褌芯褉
fitness			n.	B1	褎懈褌薪械褋
ashamed			adj.	B2	褋褌褘写薪芯
soup			n.	A1	褋褍锌
lab			n.	A2	谢邪斜芯褉邪褌芯褉懈褟
pretend			v.	B1	锌褉懈褌胁芯褉褟褌褜褋褟
reservation			n.	B1	斜褉芯薪懈褉芯胁邪薪懈械
unfair			adj.	B1	薪械褋锌褉邪胁械写谢懈胁褘泄
photography			n.	B1	褎芯褌芯谐褉邪褎懈褟
attach			v.	B1	锌褉懈泻褉械锌懈褌褜
immigrant			n.	B1	懈屑屑懈谐褉邪薪褌
golf			n.	A2	谐芯谢褜褎
cinema			n.	A1	泻懈薪芯
incredible			adj.	A2	薪械胁械褉芯褟褌薪褘泄
rude			adj.	A2	谐褉褍斜褘泄
participant			n.	B2	褍褔邪褋褌薪懈泻
judgement			n.	B2	褋褍卸写械薪懈械
Thursday			n.	A1	褔械褌胁械褉谐
sauce			n.	A2	褋芯褍褋
decent			adj.	B2	锌褉懈谢懈褔薪褘泄
nineteen			number	A1	写械胁褟褌薪邪写褑邪褌褜
announcement			n.	B1	芯斜褗褟胁谢械薪懈械
approve			v.	B2	芯写芯斜褉褟褌褜
adapt			v.	B2	邪写邪锌褌懈褉芯胁邪褌褜褋褟
uncomfortable			adj.	B1	薪械褍写芯斜薪芯
researcher			n.	A2	懈褋褋谢械写芯胁邪褌械谢褜
hey			exclam.	A1	褝泄
shoe			n.	A1	褌褍褎谢褟
symptom			n.	B1	褋懈屑锌褌芯屑
fascinating			adj.	B1	褍胁谢械泻邪褌械谢褜薪褘泄
pose			v.	B2	锌芯蟹邪
harmful			adj.	B2	胁褉械写薪褘泄
unemployed			adj.	B1	斜械蟹褉邪斜芯褌薪褘泄
shocked			adj.	B2	褕芯泻懈褉芯胁邪薪
decoration			n.	B2	褍泻褉邪褕械薪懈械
neat			adj.	B2	邪泻泻褍褉邪褌薪褘泄
breathe			v.	B1	写褘褕邪褌褜
humour			n.	B2	褞屑芯褉
curtain			n.	B1	蟹邪薪邪胁械褋
expose			v.	B2	褉邪蟹芯斜谢邪褔懈褌褜
vacation			n.	A1	芯褌锌褍褋泻
sweep			v.	B2	锌芯写屑械褌邪褌褜
mess			n., v.	B1	斜械褋锌芯褉褟写芯泻
bite			v., n.	B1	泻褍褋邪褌褜
oven			n.	A2	写褍褏芯胁泻邪
Wednesday			n.	A1	褋褉械写邪
champion			n.	B1	褔械屑锌懈芯薪
update			v., n.	B1	芯斜薪芯胁懈褌褜
bee			n.	B1	锌褔械谢邪
scan			v.	B1	褋泻邪薪懈褉芯胁邪褌褜
potato			n.	A1	泻邪褉褌芯褎械谢褜
borrow			v.	A2	斜褉邪褌褜 胁蟹邪泄屑褘
cheerful			adj.	B1	胁械褋械谢褘泄
silly			adj.	B1	谐谢褍锌褘泄
wildlife			n.	B2	写懈泻邪褟 锌褉懈褉芯写邪
weekend			n.	A1	胁褘褏芯写薪褘械
retire			v.	B1	胁褘泄褌懈 薪邪 锌械薪褋懈褞
dominate			v.	B2	写芯屑懈薪懈褉芯胁邪褌褜
shower			n.	A1	写褍褕
chocolate			n.	A1	褕芯泻芯谢邪写
ban			v., n.	B1	蟹邪锌褉械褌懈褌褜
jazz			n.	A2	写卸邪蟹
penny			n.	A2	锌械薪薪懈
punish			v.	B1	薪邪泻邪蟹褘胁邪褌褜
headache			n.	A2	谐芯谢芯胁薪邪褟 斜芯谢褜
outdoor			adj.	B1	芯褌泻褉褘褌褘泄
crash			n., v.	B2	邪胁邪褉懈褟
bathroom			n.	A1	胁邪薪薪邪褟 泻芯屑薪邪褌邪
elephant			n.	A1	褋谢芯薪
scared			adj.	A2	薪邪锌褍谐邪薪
earthquake			n.	B1	蟹械屑谢械褌褉褟褋械薪懈械
anniversary			n.	B2	褞斜懈谢械泄
fantastic			adj.	A1	褎邪薪褌邪褋褌懈褔械褋泻懈泄
multiply			v.	B2	褍屑薪芯卸邪褌褜
tennis			n.	A1	褌械薪薪懈褋
politician			n.	B1	锌芯谢懈褌懈泻
float			v.	B2	锌谢邪胁邪褌褜
relax			v.	A1	褉邪褋褋谢邪斜懈褌褜褋褟
upstairs			adv. A1, adj. A2	A1, A2	薪邪胁械褉褏褍
detective			n.	A2	写械褌械泻褌懈胁
dig			v.	B2	泻芯锌邪褌褜
fork			n.	A2	胁懈谢泻邪
dislike			v., n.	B1	薪械 薪褉邪胁懈褌褋褟
qualify			v.	B1	泻胁邪谢懈褎懈褑懈褉芯胁邪褌褜褋褟
knock			v. A2, n. B1	A2, B1	褋褌褍褔邪褌褜
translate			v.	B1	锌械褉械胁械褋褌懈
bullet			n.	B2	锌褍谢褟
chip			n.	A2	褔懈锌
costume			n.	B1	泻芯褋褌褞屑
colleague			n.	A2	泻芯谢谢械谐邪
bother			v.	B1	斜械褋锌芯泻芯懈褌褜
fashionable			adj.	B1	屑芯写薪褘泄
bunch			n.	B2	褋胁褟蟹泻邪
admire			v.	B1	胁芯褋褏懈褖邪褌褜褋褟
polite			adj.	A2	胁械卸谢懈胁褘泄
celebrate			v.	A2	锌褉邪蟹写薪芯胁邪褌褜
weigh			v.	B1	胁蟹胁械褕懈胁邪褌褜
psychologist			n.	B2	锌褋懈褏芯谢芯谐
alcoholic			adj.	B1	邪谢泻芯谐芯谢懈泻
racing			n.	B1	谐芯薪泻懈
lemon			n.	A2	谢懈屑芯薪
melt			v.	B2	褌邪褟褌褜
steal			v.	A2	褍泻褉邪褋褌褜
carpet			n.	A2	泻芯胁械褉
hesitate			v.	B2	泻芯谢械斜邪褌褜褋褟
bean			n.	A2	斜芯斜
embarrassed			adj.	B1	褋屑褍褖械薪薪褘泄
qualification			n.	B1	泻胁邪谢懈褎懈泻邪褑懈褟
install			v.	B2	褍褋褌邪薪芯胁懈褌褜
monkey			n.	A2	芯斜械蟹褜褟薪邪
swim			v. A1, n. B1	A1, B1	锌谢邪胁邪褌褜
journalist			n.	A2	卸褍褉薪邪谢懈褋褌
traveller			n.	A2	锌褍褌械褕械褋褌胁械薪薪懈泻
bye			exclam.	A1	锌芯泻邪
entertain			v.	B1	褉邪蟹胁谢械泻邪褌褜
threaten			v.	B2	褍谐褉芯卸邪褌褜
swear			v.	B2	褉褍谐邪褌褜褋褟
nail			n.	B1	谐胁芯蟹写褜
sadly			adv.	A2	泻 褋芯卸邪谢械薪懈褞
toe			n.	B1	锌邪谢械褑 薪芯谐懈
warn			v.	B1	锌褉械写褍锌褉械卸写邪褌褜
cafe			n.	A1	泻邪褎械
bin			n.	A2	屑褍褋芯褉薪芯械 胁械写褉芯
shy			adj.	B1	蟹邪褋褌械薪褔懈胁褘泄
licence			n.	B2	谢懈褑械薪蟹懈褟
loudly			adv.	A2	谐褉芯屑泻芯
pub			n.	A2	锌邪斜
impatient			adj.	B2	薪械褌械褉锌械谢懈胁褘泄
advertisement			n.	A2	褉械泻谢邪屑邪
neighbour			n.	A1	褋芯褋械写
divorced			adj.	A2	胁 褉邪蟹胁芯写械
lifestyle			n.	A2	芯斜褉邪蟹 卸懈蟹薪懈
documentary			n.	B1	写芯泻褍屑械薪褌邪谢褜薪褘泄 褎懈谢褜屑
distribute			v.	B2	褉邪褋锌褉芯褋褌褉邪薪褟褌褜
careless			adj.	B1	薪械芯褋褌芯褉芯卸薪褘泄
shine			v.	B1	褋懈褟褌褜
delicious			adj.	A1	胁泻褍褋薪芯
disagree			v.	A2	薪械 褋芯谐谢邪褋械薪
toy			n., adj.	A2	懈谐褉褍褕泻邪
nut			n.	A2	芯褉械褏
clue			n.	B1	锌芯写褋泻邪蟹泻邪
shout			v., n.	A2	泻褉懈褔邪褌褜
kick			v., n.	B1	锌薪褍褌褜
impress			v.	B2	锌褉芯懈蟹胁械褋褌懈 胁锌械褔邪褌谢械薪懈械
whisper			v., n.	B2	褕械锌芯褌
hello			exclam./n.	A1	锌褉懈胁械褌
enquiry			n.	B2	蟹邪锌褉芯褋
boot			n.	A1	斜芯褌懈薪芯泻
backwards			adv.	B1	薪邪蟹邪写
salad			n.	A1	褋邪谢邪褌
toilet			n.	A1	褌褍邪谢械褌
consume			v.	B1	锌芯褌褉械斜谢褟褌褜
stare			v.	B2	褋屑芯褌褉械褌褜
keyboard			n.	B1	泻谢邪胁懈邪褌褍褉邪
confusing			adj.	B2	褋斜懈胁邪褞褖懈泄 褋 褌芯谢泻褍
bored			adj.	A1	褋泻褍褔薪芯
dismiss			v.	B2	褍胁芯谢懈褌褜
interrupt			v.	B2	锌褉械褉褘胁邪褌褜
pants			n.	A2	斜褉褞泻懈
highlight			v., n.	B1	胁褘写械谢懈褌褜
bubble			n.	B1	锌褍蟹褘褉褜
freeze			v.	B1	蟹邪屑芯褉芯蟹懈褌褜
boil			v.	A2	胁邪褉懈褌褜
sailor			n.	B1	屑邪褌褉芯褋
winner			n.	A2	锌芯斜械写懈褌械谢褜
cite			v.	B2	褑懈褌懈褉芯胁邪褌褜
listener			n.	A2	褋谢褍褕邪褌械谢褜
skirt			n.	A1	褞斜泻邪
inspire			v.	B2	胁写芯褏薪芯胁谢褟褌褜
boring			adj.	A1	褋泻褍褔薪褘泄
noisy			adj.	A2	褕褍屑薪褘泄
frog			n.	A2	谢褟谐褍褕泻邪
bury			v.	B1	褏芯褉芯薪懈褌褜
slice			n., v.	B1	泻褍褋芯褔械泻
amazed			adj.	B1	锌芯褉邪卸械薪
garage			n.	B1	谐邪褉邪卸
exam			n.	A1	褝泻蟹邪屑械薪
heel			n.	B2	泻邪斜谢褍泻
cancel			v.	B2	芯褌屑械薪懈褌褜
policeman			n.	A1	锌芯谢懈褑械泄褋泻懈泄
thief			n.	A2	胁芯褉
announce			v.	B1	芯斜褗褟胁懈褌褜
feather			n.	B2	锌械褉芯
lazy			adj.	A2	谢械薪懈胁褘泄
musician			n.	A2	屑褍蟹褘泻邪薪褌
album			n.	B1	邪谢褜斜芯屑
summarize			v.	B1	锌芯写胁械褋褌懈 懈褌芯谐
trousers			n.	A1	斜褉褞泻懈
ankle			n.	A2	谢芯写褘卸泻邪
surround			v.	B2	芯泻褉褍卸邪褌褜
educate			v.	B1	芯斜褍褔邪褌褜
sandwich			n.	A1	斜褍褌械褉斜褉芯写
onion			n.	A1	谢褍泻
analyse			v.	B1	邪薪邪谢懈蟹懈褉芯胁邪褌褜
basketball			n.	A2	斜邪褋泻械褌斜芯谢
folding			adj.	B2	褋泻谢邪写薪芯泄
downstairs			adv. A1, adj. A2	A1, A2	胁薪懈蟹褍
talented			adj.	B1	褌邪谢邪薪褌谢懈胁褘泄
taxi			n.	A1	褌邪泻褋懈
practise			v.	A1	锌褉邪泻褌懈泻邪
tomato			n.	A1	锌芯屑懈写芯褉
spoon			n.	A2	谢芯卸泻邪
bicycle			n.	A1	胁械谢芯褋懈锌械写
photographer			n.	B1	褎芯褌芯谐褉邪褎
recipe			n.	A2	褉械褑械锌褌
annoyed			adj.	B1	褉邪蟹写褉邪卸械薪薪褘泄
chat			v., n.	A2	褔邪褌
wrap			v.	B2	芯斜械褉薪褍褌褜
spider			n.	A2	锌邪褍泻
fry			v.	B1	卸邪褉懈褌褜
grab			v.	B2	褋褏胁邪褌懈褌褜
viewer			n.	B1	蟹褉懈褌械谢褜
scream			v., n.	B2	泻褉懈褔邪褌褜
sponsor			v., n.	B2	褋锌芯薪褋芯褉
guitar			n.	A1	谐懈褌邪褉邪
actress			n.	A1	邪泻褌褉懈褋邪
poisonous			adj.	B1	褟写芯胁懈褌褘泄
firstly			adv.	A2	胁芯-锌械褉胁褘褏
nightmare			n.	B2	泻芯褕屑邪褉
humorous			adj.	B2	褞屑芯褉懈褋褌懈褔械褋泻懈泄
robot			n.	B1	褉芯斜芯褌
mall			n.	B1	褌芯褉谐芯胁褘泄 褑械薪褌褉
email			n., v.	A1	褝谢械泻褌褉芯薪薪邪褟 锌芯褔褌邪
umbrella			n.	A1	蟹芯薪褌懈泻
downwards			adv.	B2	胁薪懈蟹
greet			v.	A2	锌褉懈胁械褌褋褌胁芯胁邪褌褜
pronounce			v.	A2	锌褉芯懈蟹薪芯褋懈褌褜
rub			v.	B2	褌械褉械褌褜
ingredient			n.	B1	懈薪谐褉械写懈械薪褌
queue			n., v.	B1	芯褔械褉械写褜
airline			n.	A2	邪胁懈邪泻芯屑锌邪薪懈褟
frightening			adj.	B1	锌褍谐邪褞褖懈泄
homework			n.	A1	写芯屑邪褕薪械械 蟹邪写邪薪懈械
embarrassing			adj.	B1	褋屑褍褖邪褞褖懈泄
towel			n.	A2	锌芯谢芯褌械薪褑械
jam			n.	A2	胁邪褉械薪褜械
competitor			n.	B1	泻芯薪泻褍褉械薪褌
tablet			n.	A2	锌谢邪薪褕械褌
dancer			n.	A1	褌邪薪褑芯褉
passport			n.	A1	锌邪褋锌芯褉褌
jeans			n.	A1	写卸懈薪褋褘
banana			n.	A1	斜邪薪邪薪
ski			v., n.	A2	谢褘卸懈
hurricane			n.	B1	褍褉邪谐邪薪
invent			v.	A2	懈蟹芯斜褉械褌邪褌褜
revise			v.	B1	锌械褉械褋屑邪褌褉懈胁邪褌褜
camping			n.	A2	泻械屑锌懈薪谐
athlete			n.	A2	褋锌芯褉褌褋屑械薪
poster			n.	A2	锌谢邪泻邪褌
injure			v.	B1	褉邪薪懈褌褜
criticize			v.	B2	泻褉懈褌懈泻芯胁邪褌褜
confuse			v.	B1	锌褍褌邪褌褜
waiter			n.	A1	芯褎懈褑懈邪薪褌
goodbye			exclam./n.	A1	写芯 褋胁懈写邪薪懈褟
teenage			adj.	A2	锌芯写褉芯褋褌泻芯胁褘泄
statistic			n.	B1	褋褌邪褌懈褋褌懈泻邪
runner			n.	A2	斜械谐褍薪
bake			v.	B1	胁褘锌械泻邪褌褜
metre			n.	A1	屑械褌褉
bike			n.	A1	胁械谢芯褋懈锌械写
businessman			n.	A2	斜懈蟹薪械褋屑械薪
helicopter			n.	B1	胁械褉褌芯谢械褌
indoor			adj.	B1	泻褉褘褌褘泄
dentist			n.	A2	写邪薪褌懈褋褌
shiny			adj.	B1	斜谢械褋褌褟褖懈泄
incredibly			adv.	B1	薪械胁械褉芯褟褌薪芯
supporter			n.	B1	褋褌芯褉芯薪薪懈泻
accuse			v.	B2	芯斜胁懈薪褟褌褜
sticky			adj.	B2	谢懈锌泻懈泄
celebrity			n.	A2	蟹薪邪屑械薪懈褌芯褋褌褜
stadium			n.	B1	褋褌邪写懈芯薪
rubbish			n.	A2	屑褍褋芯褉
euro			n.	A1	械胁褉芯
offend			v.	B2	芯褋泻芯褉斜懈褌褜
depressing			adj.	B2	褍写褉褍褔邪褞褖懈泄
cartoon			n.	A2	屑褍谢褜褌褎懈谢褜屑
disappointing			adj.	B1	褉邪蟹芯褔邪褉芯胁褘胁邪褞褖懈泄
mum			n.	A1	屑邪屑邪
soccer			n.	A2	褎褍褌斜芯谢
outdoors			adv.	B1	薪邪 芯褌泻褉褘褌芯屑 胁芯蟹写褍褏械
glove			n.	B1	锌械褉褔邪褌泻邪
relaxing			adj.	B1	褉邪褋褋谢邪斜谢褟褞褖懈泄
girlfriend			n.	A1	锌芯写褉褍谐邪
petrol			n.	A2	斜械薪蟹懈薪
thirsty			adj.	A1	卸邪卸写褍褖懈泄
chef			n.	A2	锌芯胁邪褉
blonde			adj.	A1	斜谢芯薪写懈薪泻邪
boyfriend			n.	A1	锌邪褉械薪褜
hobby			n.	A1	褏芯斜斜懈
organizer			n.	B1	芯褉谐邪薪懈蟹邪褌芯褉
annoying			adj.	B1	褉邪蟹写褉邪卸邪械褌
dishonest			adj.	B2	薪械褔械褋褌薪褘泄
trainer			n.	A2	褌褉械薪械褉
cheat			v., n.	B1	芯斜屑邪薪褍褌褜
apologize			v.	B1	懈蟹胁懈薪懈褌褜褋褟
headline			n.	B1	蟹邪谐芯谢芯胁芯泻
teenager			n.	A1	锌芯写褉芯褋褌芯泻
stair			n.	A2	谢械褋褌薪懈褑邪
curly			adj.	A2	泻褍写褉褟胁褘泄
indoors			adv.	B1	胁 锌芯屑械褖械薪懈懈
venue			n.	B2	屑械褋褌芯 锌褉芯胁械写械薪懈褟
hockey			n.	A2	褏芯泻泻械泄
frighten			v.	B1	锌褍谐邪褌褜
cupboard			n.	A2	褕泻邪褎
advertise			v.	A2	褉械泻谢邪屑懈褉芯胁邪褌褜
download			v., n.	A2	褋泻邪褔邪褌褜
supermarket			n.	A1	褋褍锌械褉屑邪褉泻械褌
gym			n.	A1	褌褉械薪邪卸械褉薪褘泄 蟹邪谢
tyre			n.	B1	褕懈薪邪
explode			v.	B1	胁蟹芯褉胁邪褌褜褋褟
sweater			n.	A1	褋胁懈褌械褉
skiing			n.	A2	泻邪褌邪薪懈械 薪邪 谢褘卸邪褏
wow			exclam.	A2	胁邪褍
carrot			n.	A1	屑芯褉泻芯胁褜
tidy			adj., v.	A2	邪泻泻褍褉邪褌薪褘泄
fasten			v.	B1	蟹邪泻褉械锌懈褌褜
underwear			n.	B1	薪懈卸薪械械 斜械谢褜械
decorate			v.	B1	褍泻褉邪褕邪褌褜
motorcycle			n.	A2	屑芯褌芯褑懈泻谢
rugby			n.	B1	褉械谐斜懈
biscuit			n.	A2	斜懈褋泻胁懈褌
flu			n.	A2	谐褉懈锌锌
jewellery			n.	A2	褞胁械谢懈褉薪褘械 懈蟹写械谢懈褟
scary			adj.	A2	褋褌褉邪褕薪芯
spicy			adj.	B1	锌褉褟薪褘泄
annoy			v.	B1	褉邪蟹写褉邪卸邪褌褜
lorry			n.	A2	谐褉褍蟹芯胁懈泻
laptop			n.	A2	薪芯褍褌斜褍泻
recycle			v.	A2	锌械褉械褉邪斜邪褌褘胁邪褌褜
donate			v.	B1	锌芯卸械褉褌胁芯胁邪褌褜
sock			n.	A2	薪芯褋芯泻
fridge			n.	A2	褏芯谢芯写懈谢褜薪懈泻
kilometre			n.	A1	泻懈谢芯屑械褌褉
grandparent			n.	A1	写械写褍褕泻邪 懈 斜邪斜褍褕泻邪
cooker			n.	A2	锌谢懈褌邪
maths			n.	A2	屑邪褌械屑邪褌懈泻邪
o鈥檆lock			adv.	A1	褔邪褋
cannot			v.	A1	薪械 屑芯谐褍
blog			n.	A1	斜谢芯谐
DVD			n.	A1	DVD
smartphone			n.	A2	褋屑邪褉褌褎芯薪
website			n.	A1	胁械斜-褋邪泄褌
